,TreatedZip,EventTime,RelLogValue,DonorCount
0,08361,-24,-0.11239854150021955,5
1,08361,-23,-0.09577947682623673,5
2,08361,-22,-0.0784621550326385,5
3,08361,-21,-0.07202065453869295,5
4,08361,-20,-0.07592653909323702,5
5,08361,-19,-0.08327356160468931,5
6,08361,-18,-0.08302023076918416,5
7,08361,-17,-0.0780542672134299,5
8,08361,-16,-0.07306598067774601,5
9,08361,-15,-0.06599857561793136,5
10,08361,-14,-0.05903746186809862,5
11,08361,-13,-0.04976349424018665,5
12,08361,-12,-0.04311711137145764,5
13,08361,-11,-0.03346664500969787,5
14,08361,-10,-0.02440384052745408,5
15,08361,-9,-0.014793492360108473,5
16,08361,-8,-0.007210394662446262,5
17,08361,-7,-0.0020756908329687463,5
18,08361,-6,0.0020845280714276273,5
19,08361,-5,0.0030797320272789364,5
20,08361,-4,0.001400769436616045,5
21,08361,-3,-0.007546752470436502,5
22,08361,-2,-0.012140504873515567,5
23,08361,-1,-0.010131976834760437,5
24,08361,0,0.0,5
25,08361,1,0.00865281082778573,5
26,08361,2,0.01809729025325595,5
27,08361,3,0.028839522268520667,5
28,08361,4,0.037350417009172784,5
29,08361,5,0.04167661390574864,5
30,08361,6,0.04128843567461047,5
31,08361,7,0.03854530670368526,5
32,08361,8,0.030737488994894237,5
33,08361,9,0.022094935024972527,5
34,08361,10,0.015158477720299856,5
35,08361,11,0.009596184619156034,5
36,08361,12,0.004483544395055006,5
37,08361,13,0.0006221650816748081,5
38,08361,14,0.0008657339116798113,5
39,08361,15,0.003810019136248499,5
40,08361,16,0.006501743045653185,5
41,08361,17,0.007284453329691587,5
42,08361,18,0.00040453416596264447,5
43,08361,19,-0.007471762990877906,5
44,08361,20,-0.013374010466230147,5
45,08361,21,-0.01542875456590167,5
46,08361,22,-0.015056384435945347,5
47,08361,23,-0.01740882720432744,5
48,08361,24,-0.019074665125512525,5
49,14012,-24,-0.05238030205581516,5
50,14012,-23,-0.05808471213525337,5
51,14012,-22,-0.06384754955135605,5
52,14012,-21,-0.06996582757248646,5
53,14012,-20,-0.07944169843562357,5
54,14012,-19,-0.08864602446534704,5
55,14012,-18,-0.0914325765634441,5
56,14012,-17,-0.08553530344485302,5
57,14012,-16,-0.07523713550010847,5
58,14012,-15,-0.06472062598801606,5
59,14012,-14,-0.05674712824927575,5
60,14012,-13,-0.04955139204130141,5
61,14012,-12,-0.04540152084544928,5
62,14012,-11,-0.04197034106374779,5
63,14012,-10,-0.039395620276657085,5
64,14012,-9,-0.0371954085871792,5
65,14012,-8,-0.03678117417774125,5
66,14012,-7,-0.03601537991227381,5
67,14012,-6,-0.03442468906914904,5
68,14012,-5,-0.028804570725158386,5
69,14012,-4,-0.020261010858961016,5
70,14012,-3,-0.011135016770134598,5
71,14012,-2,-0.00475804851907462,5
72,14012,-1,-0.0017008881975936418,5
73,14012,0,0.0,5
74,14012,1,0.002471823333663892,5
75,14012,2,0.004054726698804601,5
76,14012,3,0.008020033823354922,5
77,14012,4,0.009898389641232085,5
78,14012,5,0.013330716018307242,5
79,14012,6,0.012513194773212177,5
80,14012,7,0.010695255526984937,5
81,14012,8,0.00850348031998962,5
82,14012,9,0.009079688276215947,5
83,14012,10,0.013061603867140548,5
84,14012,11,0.015724827436307365,5
85,14012,12,0.019455930674127587,5
86,14012,13,0.023237779746124686,5
87,14012,14,0.028660503635085634,5
88,14012,15,0.03327763035584077,5
89,14012,16,0.03858389872943313,5
90,14012,17,0.04389986623047015,5
91,14012,18,0.050475627296403404,5
92,14012,19,0.05593819766995942,5
93,14012,20,0.060969614574128174,5
94,14012,21,0.06588006239563775,5
95,14012,22,0.07083990953091615,5
96,18603,-24,-0.2084761142430338,5
97,18603,-23,-0.20597492726760044,5
98,18603,-22,-0.19920284542896133,5
99,18603,-21,-0.18829967070232137,5
100,18603,-20,-0.1740101755567583,5
101,18603,-19,-0.16165334380153026,5
102,18603,-18,-0.15312849235651171,5
103,18603,-17,-0.14961134887686,5
104,18603,-16,-0.14676244462838425,5
105,18603,-15,-0.1441380898049335,5
106,18603,-14,-0.13659403846121593,5
107,18603,-13,-0.1323128132793318,5
108,18603,-12,-0.1301252093024356,5
109,18603,-11,-0.12853187304855496,5
110,18603,-10,-0.11960089114319672,5
111,18603,-9,-0.10317548338143645,5
112,18603,-8,-0.08877311414709901,5
113,18603,-7,-0.0764968731065192,5
114,18603,-6,-0.06868068691780387,5
115,18603,-5,-0.06020609287462797,5
116,18603,-4,-0.051081404152296984,5
117,18603,-3,-0.03965978964828025,5
118,18603,-2,-0.027083519311243264,5
119,18603,-1,-0.014256746223063388,5
120,18603,0,0.0,5
121,18603,1,0.007546901102709924,5
122,18603,2,0.00818293666907941,5
123,18603,3,0.00036197454393267493,5
124,18603,4,-0.003159539156464675,5
125,18603,5,-0.00013753380754621958,5
126,18603,6,0.005916313760291558,5
127,18603,7,0.017426157345511582,5
128,18603,8,0.028782902966379354,5
129,18603,9,0.0420109677759104,5
130,18603,10,0.053750830807151574,5
131,18603,11,0.06278744549106463,5
132,18603,12,0.07017001713548794,5
133,18603,13,0.07084658568921717,5
134,18603,14,0.06798528450880852,5
135,18603,15,0.06115197381329054,5
136,18603,16,0.05810189504200451,5
137,18603,17,0.05690407638631782,5
138,18603,18,0.05992192218536267,5
139,18603,19,0.06500024001646984,5
140,18603,20,0.06945266744511969,5
141,18603,21,0.07567947386340243,5
142,18603,22,0.08104312019452457,5
143,18603,23,0.08701713866236957,5
144,18603,24,0.09032242982977294,5
145,20109,-24,-0.10048913656900318,5
146,20109,-23,-0.09561215953362065,5
147,20109,-22,-0.09079582489759552,5
148,20109,-21,-0.08565594891222439,5
149,20109,-20,-0.08117586508868228,5
150,20109,-19,-0.07711894906273109,5
151,20109,-18,-0.07343629528619573,5
152,20109,-17,-0.07087215578533516,5
153,20109,-16,-0.0682150627079853,5
154,20109,-15,-0.06604437917099801,5
155,20109,-14,-0.06189444714475663,5
156,20109,-13,-0.0570605439956509,5
157,20109,-12,-0.05203683009190101,5
158,20109,-11,-0.047073085680246506,5
159,20109,-10,-0.042405894450465095,5
160,20109,-9,-0.03756391851965653,5
161,20109,-8,-0.03405540564175524,5
162,20109,-7,-0.029861949693458102,5
163,20109,-6,-0.024843978852544878,5
164,20109,-5,-0.019059987624643428,5
165,20109,-4,-0.01485512899577195,5
166,20109,-3,-0.011626359363725313,5
167,20109,-2,-0.008222458482350347,5
168,20109,-1,-0.004016959962654809,5
169,20109,0,0.0,5
170,20109,1,0.0026877101250811107,5
171,20109,2,0.005482931297215998,5
172,20109,3,0.008328643032001181,5
173,20109,4,0.012555650287821508,5
174,20109,5,0.018013442280429004,5
175,20109,6,0.024172649563011107,5
176,20109,7,0.030108031292733983,5
177,20109,8,0.03337827834781173,5
178,20109,9,0.034700479927898084,5
179,20109,10,0.03739846680889514,5
180,20109,11,0.04390706183433331,5
181,20109,12,0.056041728760321166,5
182,20109,13,0.07040285579891474,5
183,20109,14,0.08534935054193227,5
184,20109,15,0.09982542103579384,5
185,20109,16,0.11257934882255363,5
186,20109,17,0.12668702965664025,5
187,20109,18,0.14098410822087182,5
188,20109,19,0.15703680043575652,5
189,20109,20,0.17230310778409114,5
190,20109,21,0.18570939869096073,5
191,20109,22,0.19383457253158198,5
192,20109,23,0.19736978190486382,5
193,20109,24,0.1973974515362748,5
194,20136,-24,-0.2048731318160481,5
195,20136,-23,-0.2041183522674796,5
196,20136,-22,-0.20247889730983815,5
197,20136,-21,-0.20038616014180946,5
198,20136,-20,-0.19834851928446326,5
199,20136,-19,-0.19570759510488359,5
200,20136,-18,-0.19268575632431678,5
201,20136,-17,-0.1881834242468436,5
202,20136,-16,-0.182667974109307,5
203,20136,-15,-0.1764228645446771,5
204,20136,-14,-0.1712861311283948,5
205,20136,-13,-0.16855166065576946,5
206,20136,-12,-0.1672192210020281,5
207,20136,-11,-0.16463129228977066,5
208,20136,-10,-0.15772307131655694,5
209,20136,-9,-0.1456570142321393,5
210,20136,-8,-0.13041425942291945,5
211,20136,-7,-0.1137455541925089,5
212,20136,-6,-0.09791578645540149,5
213,20136,-5,-0.08309357515643753,5
214,20136,-4,-0.06751215701848032,5
215,20136,-3,-0.05146036709620283,5
216,20136,-2,-0.03390919313327103,5
217,20136,-1,-0.016242214500882923,5
218,20136,0,0.0,5
219,20136,1,0.009089052188668845,5
220,20136,2,0.01083264324013733,5
221,20136,3,0.00792623788000455,5
222,20136,4,0.006766777096962784,5
223,20136,5,0.008551766848825082,5
224,20136,6,0.014083858780455571,5
225,20136,7,0.025465543993554007,5
226,20136,8,0.04191355786898541,5
227,20136,9,0.06208922562305652,5
228,20136,10,0.08097287166940212,5
229,20136,11,0.09566317470852326,5
230,20136,12,0.10390029316856939,5
231,20136,13,0.10438729147915886,5
232,20136,14,0.09922401606752765,5
233,20136,15,0.0916660021105841,5
234,20136,16,0.0864757714924167,5
235,20136,17,0.08367810463040293,5
236,20136,18,0.08238730484442591,5
237,20136,19,0.08109383977824436,5
238,20136,20,0.08149284487232719,5
239,20136,21,0.08277181885478484,5
240,20136,22,0.08618590202156647,5
241,20136,23,0.09070806880283869,5
242,20136,24,0.09690329115258152,5
243,20166,-24,-0.07012012927349928,5
244,20166,-23,-0.07566528642904906,5
245,20166,-22,-0.0786708873474808,5
246,20166,-21,-0.08077450731296025,5
247,20166,-20,-0.08457639521791549,5
248,20166,-19,-0.08701701701422274,5
249,20166,-18,-0.0866175899583446,5
250,20166,-17,-0.08153304013925364,5
251,20166,-16,-0.0741416246626894,5
252,20166,-15,-0.06598851351007973,5
253,20166,-14,-0.0593304657557745,5
254,20166,-13,-0.05444163271052389,5
255,20166,-12,-0.05113710972227885,5
256,20166,-11,-0.048787468174081285,5
257,20166,-10,-0.04700618341346683,5
258,20166,-9,-0.04484426310981924,5
259,20166,-8,-0.04268806877261895,5
260,20166,-7,-0.03817585091957909,5
261,20166,-6,-0.03013550261832094,5
262,20166,-5,-0.021023880557453366,5
263,20166,-4,-0.012943640867908357,5
264,20166,-3,-0.008743725837375394,5
265,20166,-2,-0.005396860914676083,5
266,20166,-1,-0.0029849219861308287,5
267,20166,0,0.0,5
268,20166,1,0.003582308191136718,5
269,20166,2,0.0073040282584969415,5
270,20166,3,0.011505912637628058,5
271,20166,4,0.014185698967586901,5
272,20166,5,0.015039843001988018,5
273,20166,6,0.013218062097892868,5
274,20166,7,0.010403949580838656,5
275,20166,8,0.006741057593165322,5
276,20166,9,0.0028925519236448595,5
277,20166,10,0.0005006234135116472,5
278,20166,11,-0.0004843517798146735,5
279,20166,12,0.0005140072039125698,5
280,20166,13,0.0025261996197407655,5
281,20166,14,0.005819473331227343,5
282,20166,15,0.008619524111137266,5
283,20166,16,0.010449360069649315,5
284,20166,17,0.010338350539455731,5
285,20166,18,0.010304833698346982,5
286,20166,19,0.008980944759242248,5
287,20166,20,0.008734477475579183,5
288,20166,21,0.009686372547742295,5
289,20166,22,0.013186588304553127,5
290,23150,-24,-0.2344288457499541,5
291,23150,-23,-0.22837102997238254,5
292,23150,-22,-0.22390759181776437,5
293,23150,-21,-0.21998787039562337,5
294,23150,-20,-0.21459556219566486,5
295,23150,-19,-0.20565879314447777,5
296,23150,-18,-0.1897016190894,5
297,23150,-17,-0.17117204619316304,5
298,23150,-16,-0.15199288235621963,5
299,23150,-15,-0.1350700743641628,5
300,23150,-14,-0.12005834997345488,5
301,23150,-13,-0.10622227198038167,5
302,23150,-12,-0.0940196643241464,5
303,23150,-11,-0.08157046892045336,5
304,23150,-10,-0.06764167310218631,5
305,23150,-9,-0.052408548394587126,5
306,23150,-8,-0.044823593225117975,5
307,23150,-7,-0.04786661591708992,5
308,23150,-6,-0.056935877738461114,5
309,23150,-5,-0.06336017707678146,5
310,23150,-4,-0.06158227050817296,5
311,23150,-3,-0.05713862152855498,5
312,23150,-2,-0.04118079417359546,5
313,23150,-1,-0.02223858613679326,5
314,23150,0,0.0,5
315,23150,1,0.018488320681485603,5
316,23150,2,0.03588411843982229,5
317,23150,3,0.056027819429728606,5
318,23150,4,0.07204093580744945,5
319,23150,5,0.08005509095689903,5
320,23150,6,0.07832288680659402,5
321,23150,7,0.07299862864640297,5
322,23150,8,0.0693278703547275,5
323,23150,9,0.06613847989956767,5
324,23150,10,0.06114891020289583,5
325,23150,11,0.05520848970010128,5
326,23150,12,0.05395800018897105,5
327,23150,13,0.06037993541606177,5
328,23150,14,0.07400213387777868,5
329,23150,15,0.08521484070254814,5
330,23150,16,0.0921047169489615,5
331,23150,17,0.09370279930041221,5
332,23150,18,0.09571548573236158,5
333,23150,19,0.0977908766392396,5
334,23150,20,0.09983890706665513,5
335,23150,21,0.1009843486794395,5
336,23150,22,0.0991702962053516,5
337,23150,23,0.09903195488137335,5
338,23150,24,0.10366623684595666,5
339,23836,-24,-0.12917721135953925,5
340,23836,-23,-0.12837830790735083,5
341,23836,-22,-0.12824468256223476,5
342,23836,-21,-0.12637404904479546,5
343,23836,-20,-0.12085202619213184,5
344,23836,-19,-0.10926650770523202,5
345,23836,-18,-0.09436435509468666,5
346,23836,-17,-0.07820395321550677,5
347,23836,-16,-0.06409212518034905,5
348,23836,-15,-0.05158016047155023,5
349,23836,-14,-0.04080501832648835,5
350,23836,-13,-0.03531002821844922,5
351,23836,-12,-0.0356762285196357,5
352,23836,-11,-0.040722209209442896,5
353,23836,-10,-0.04528770073415771,5
354,23836,-9,-0.04713189425733866,5
355,23836,-8,-0.04633383915523872,5
356,23836,-7,-0.043407350638780075,5
357,23836,-6,-0.040575656598031175,5
358,23836,-5,-0.03635499123809431,5
359,23836,-4,-0.03175668464223165,5
360,23836,-3,-0.025013384192257248,5
361,23836,-2,-0.016908068830776557,5
362,23836,-1,-0.007995849146226064,5
363,23836,0,0.0,5
364,23836,1,0.0067010701905221735,5
365,23836,2,0.012589288848123914,5
366,23836,3,0.01843313312662076,5
367,23836,4,0.023933748970116752,5
368,23836,5,0.027657688523192548,5
369,23836,6,0.03167143154881948,5
370,23836,7,0.038197294692290384,5
371,23836,8,0.046164227126030966,5
372,23836,9,0.053206386241895845,5
373,23836,10,0.05712721002967776,5
374,23836,11,0.05956065271498438,5
375,23836,12,0.062047825417892354,5
376,23836,13,0.0646804693372868,5
377,23836,14,0.0678532978258545,5
378,23836,15,0.07019400809858319,5
379,23836,16,0.07285703445791647,5
380,23836,17,0.07459398142051335,5
381,23836,18,0.0757419845547048,5
382,23836,19,0.07530399742519123,5
383,23836,20,0.0753592142603388,5
384,23836,21,0.0752662838201907,5
385,23836,22,0.07513296561700607,5
386,23836,23,0.0756222516444435,5
387,23836,24,0.07734744577072768,5
388,28905,-24,-0.10085525723678615,5
389,28905,-23,-0.08683838476809846,5
390,28905,-22,-0.07791907292770403,5
391,28905,-21,-0.07266856443594208,5
392,28905,-20,-0.07330176141920183,5
393,28905,-19,-0.07396886024507587,5
394,28905,-18,-0.07627576891872571,5
395,28905,-17,-0.07639701265798209,5
396,28905,-16,-0.07709167877714158,5
397,28905,-15,-0.07429791958446934,5
398,28905,-14,-0.06690802444871409,5
399,28905,-13,-0.05493705891072942,5
400,28905,-12,-0.043223180349276545,5
401,28905,-11,-0.034433305822647496,5
402,28905,-10,-0.028722700995323792,5
403,28905,-9,-0.023641253231435046,5
404,28905,-8,-0.019786599815907736,5
405,28905,-7,-0.018300914952832058,5
406,28905,-6,-0.0175751467178916,5
407,28905,-5,-0.019597391923268148,5
408,28905,-4,-0.023413746763587893,5
409,28905,-3,-0.0269088341744812,5
410,28905,-2,-0.023660501752503293,5
411,28905,-1,-0.013165652193851685,5
412,28905,0,0.0,5
413,28905,1,0.010437435833823016,5
414,28905,2,0.015770603163547746,5
415,28905,3,0.01621526039614949,5
416,28905,4,0.013745618011217431,5
417,28905,5,0.012824298195973683,5
418,28905,6,0.012524047713204567,5
419,28905,7,0.016829931190634896,5
420,28905,8,0.018912106296918908,5
421,28905,9,0.019682978852208065,5
422,28905,10,0.015214033442193298,5
423,28905,11,0.008399137414409452,5
424,28905,12,0.003652061081099234,5
425,28905,13,0.0002016059753287891,5
426,28905,14,0.0016407910391766478,5
427,28905,15,0.004350603432014921,5
428,28905,16,0.009242033815771577,5
429,28905,17,0.014375325728650523,5
430,28905,18,0.01894312052012559,5
431,28905,19,0.0228874767877393,5
432,28905,20,0.02566928507367585,5
433,28905,21,0.030017545761387508,5
434,28905,22,0.03517390024721116,5
435,28905,23,0.038850882101522544,5
436,28905,24,0.040073343688179365,5
437,29847,-24,-0.0016080725112765037,5
438,29847,-23,0.00423173401678838,5
439,29847,-22,0.012464615178274841,5
440,29847,-21,0.01801514742778245,5
441,29847,-20,0.020656634851405543,5
442,29847,-19,0.016195367430684015,5
443,29847,-18,0.01063225311821192,5
444,29847,-17,0.004291186986555573,5
445,29847,-16,-0.0010870072868236491,5
446,29847,-15,-0.009983000441640754,5
447,29847,-14,-0.018334990169554644,5
448,29847,-13,-0.020512529433449344,5
449,29847,-12,-0.014036547817803325,5
450,29847,-11,-0.004274421613905588,5
451,29847,-10,0.0018831580823555072,5
452,29847,-9,0.003527355640872187,5
453,29847,-8,0.002743152522489467,5
454,29847,-7,0.001883754596192233,5
455,29847,-6,0.0014275924988528033,5
456,29847,-5,0.000821054272336852,5
457,29847,-4,-0.0032503033471279253,5
458,29847,-3,-0.010388000481123427,5
459,29847,-2,-0.01484510825284353,5
460,29847,-1,-0.010520266966166503,5
461,29847,0,0.0,5
462,29847,1,0.013327573485395306,5
463,29847,2,0.024196822945130946,5
464,29847,3,0.0330451984160149,5
465,29847,4,0.037572422397593286,5
466,29847,5,0.0370422066427782,5
467,29847,6,0.035546099897581486,5
468,29847,7,0.032221961390866485,5
469,29847,8,0.03376838826832085,5
470,29847,9,0.03466103054482765,5
471,29847,10,0.03528420866282041,5
472,29847,11,0.03141965619626212,5
473,29847,12,0.027569159315328662,5
474,29847,13,0.02806276878111689,5
475,29847,14,0.02957386022544455,5
476,29847,15,0.03250496200378876,5
477,29847,16,0.03202763227616323,5
478,29847,17,0.0338972401751171,5
479,29847,18,0.038088729214863545,5
480,29847,19,0.04552336262008403,5
481,29847,20,0.053271443750654866,5
482,29847,21,0.060918651029995274,5
483,29847,22,0.06870882750522042,5
484,29847,23,0.07777929695150938,5
485,29847,24,0.08508985352778638,5
486,30214,-24,-0.22170813646499815,5
487,30214,-23,-0.2063803637065039,5
488,30214,-22,-0.19046110871504815,5
489,30214,-21,-0.17363442332798015,5
490,30214,-20,-0.160035257819748,5
491,30214,-19,-0.15066401053990502,5
492,30214,-18,-0.14426517289962143,5
493,30214,-17,-0.1362045450983885,5
494,30214,-16,-0.12417376013069337,5
495,30214,-15,-0.10975100403505103,5
496,30214,-14,-0.09031096571317435,5
497,30214,-13,-0.07013041209464603,5
498,30214,-12,-0.04952286843007556,5
499,30214,-11,-0.031215664768960493,5
500,30214,-10,-0.015805385851712827,5
501,30214,-9,-0.0028781922037616424,5
502,30214,-8,0.003513087378141222,5
503,30214,-7,0.004927133406009076,5
504,30214,-6,0.0026884117012478726,5
505,30214,-5,0.0008623281139758631,5
506,30214,-4,-8.465597665932023e-05,5
507,30214,-3,-0.001170862224978464,5
508,30214,-2,-0.002839083274826848,5
509,30214,-1,-0.0031571059080281573,5
510,30214,0,0.0,5
511,30214,1,0.0054761874546969125,5
512,30214,2,0.011637629164739849,5
513,30214,3,0.016943202432515746,5
514,30214,4,0.022670291840494627,5
515,30214,5,0.029315212812812776,5
516,30214,6,0.03642881744042192,5
517,30214,7,0.04269643145375781,5
518,30214,8,0.04762174357786435,5
519,30214,9,0.051298340272288814,5
520,30214,10,0.05346403055704272,5
521,30214,11,0.05631210829698006,5
522,30214,12,0.06132850078745342,5
523,30214,13,0.06807977100603253,5
524,30214,14,0.07386864768569446,5
525,30214,15,0.07609439729224228,5
526,30214,16,0.07671167547638617,5
527,30214,17,0.07721578035102787,5
528,30214,18,0.07872407628250748,5
529,30214,19,0.07997318827167917,5
530,30214,20,0.08027007534491908,5
531,30214,21,0.0804742709581884,5
532,30214,22,0.0806003125543473,5
533,30214,23,0.08010922266970547,5
534,30214,24,0.07787219264136809,5
535,30318,-24,-0.09521625013198047,5
536,30318,-23,-0.08033412015228833,5
537,30318,-22,-0.06233188741489748,5
538,30318,-21,-0.04221147798357805,5
539,30318,-20,-0.023753787262461402,5
540,30318,-19,-0.007690474297050898,5
541,30318,-18,0.006043202257898272,5
542,30318,-17,0.013366631818749752,5
543,30318,-16,0.013965142721242784,5
544,30318,-15,0.008818494731778159,5
545,30318,-14,0.004361357037450731,5
546,30318,-13,0.0005376133830552021,5
547,30318,-12,-0.0034613383093816453,5
548,30318,-11,-0.00847715647081131,5
549,30318,-10,-0.01268409237590049,5
550,30318,-9,-0.014859207002123398,5
551,30318,-8,-0.01529805268099942,5
552,30318,-7,-0.014319863389407318,5
553,30318,-6,-0.012855911629612393,5
554,30318,-5,-0.011178825174155449,5
555,30318,-4,-0.00855225352493214,5
556,30318,-3,-0.005252303085729793,5
557,30318,-2,-0.002227931076233958,5
558,30318,-1,-9.523336877812483e-05,5
559,30318,0,0.0,5
560,30318,1,0.00012490808111493835,5
561,30318,2,0.0005774850995177161,5
562,30318,3,0.0033611009105111835,5
563,30318,4,0.0066175115475004985,5
564,30318,5,0.007539588294745414,5
565,30318,6,0.005203605368296138,5
566,30318,7,0.0011073374035120765,5
567,30318,8,-0.002042635435724094,5
568,30318,9,-0.004849311723478067,5
569,30318,10,-0.008332652839110466,5
570,30318,11,-0.012648756976743414,5
571,30318,12,-0.016320737826296748,5
572,30318,13,-0.019038675072027545,5
573,30318,14,-0.02124431660301731,5
574,30318,15,-0.0243279224499112,5
575,30318,16,-0.02783735106354044,5
576,30318,17,-0.03265327610964199,5
577,30318,18,-0.03797130644433864,5
578,30318,19,-0.043745097831804004,5
579,30318,20,-0.04870059656921342,5
580,30318,21,-0.052270216540091854,5
581,30318,22,-0.05554006953851065,5
582,30318,23,-0.057442894683173054,5
583,30318,24,-0.058522489394888313,5
584,30721,-24,-0.07631049933048609,5
585,30721,-23,-0.06704494941354681,5
586,30721,-22,-0.06049991550719689,5
587,30721,-21,-0.057635900026916785,5
588,30721,-20,-0.06094430428321331,5
589,30721,-19,-0.06679627613566233,5
590,30721,-18,-0.07313098799185766,5
591,30721,-17,-0.07821447501962275,5
592,30721,-16,-0.08460678853178791,5
593,30721,-15,-0.08899271374639958,5
594,30721,-14,-0.08912698568198393,5
595,30721,-13,-0.08299362702906557,5
596,30721,-12,-0.07417055502107103,5
597,30721,-11,-0.06533916006534853,5
598,30721,-10,-0.057694441541703154,5
599,30721,-9,-0.05049538618968761,5
600,30721,-8,-0.044193500800237116,5
601,30721,-7,-0.03818278967642534,5
602,30721,-6,-0.033187575920699784,5
603,30721,-5,-0.02899928078710836,5
604,30721,-4,-0.027598646711494722,5
605,30721,-3,-0.02613158722082467,5
606,30721,-2,-0.020098226315492695,5
607,30721,-1,-0.010758625812836087,5
608,30721,0,0.0,5
609,30721,1,0.006891042173131012,5
610,30721,2,0.012142066787486883,5
611,30721,3,0.015642110840057556,5
612,30721,4,0.017878385958224996,5
613,30721,5,0.01980836595257962,5
614,30721,6,0.021220025425885324,5
615,30721,7,0.025984560856825566,5
616,30721,8,0.030761618153589153,5
617,30721,9,0.03501165311344678,5
618,30721,10,0.03498969626812638,5
619,30721,11,0.03434852407504359,5
620,30721,12,0.033965143926138454,5
621,30721,13,0.03410976912905248,5
622,30721,14,0.03312889794671925,5
623,30721,15,0.030976143527848877,5
624,30721,16,0.030152310020526586,5
625,30721,17,0.030024666386238862,5
626,30721,18,0.03181034151590332,5
627,30721,19,0.0325770397936342,5
628,30721,20,0.03436788486268512,5
629,30721,21,0.03698432656145982,5
630,30721,22,0.04110555334213757,5
631,30721,23,0.04301531637395328,5
632,30721,24,0.04168429185620219,5
633,35810,-24,-0.31641393203879103,5
634,35810,-23,-0.30684098395823656,5
635,35810,-22,-0.29839338856878256,5
636,35810,-21,-0.2909005590319008,5
637,35810,-20,-0.28181468752103384,5
638,35810,-19,-0.2734597722709037,5
639,35810,-18,-0.26681277824096516,5
640,35810,-17,-0.2597115439157939,5
641,35810,-16,-0.2493824417789245,5
642,35810,-15,-0.23739005050335854,5
643,35810,-14,-0.22604494351499937,5
644,35810,-13,-0.2157299666111058,5
645,35810,-12,-0.20593855261859595,5
646,35810,-11,-0.1924800437600922,5
647,35810,-10,-0.17758408254589675,5
648,35810,-9,-0.1608654859175765,5
649,35810,-8,-0.146487186934241,5
650,35810,-7,-0.13268263806614727,5
651,35810,-6,-0.11628585611374546,5
652,35810,-5,-0.09761149238010418,5
653,35810,-4,-0.07808592727166967,5
654,35810,-3,-0.061369551017731894,5
655,35810,-2,-0.04380920424878561,5
656,35810,-1,-0.02318537736333539,5
657,35810,0,0.0,5
658,35810,1,0.02242904203377023,5
659,35810,2,0.043708369415559646,5
660,35810,3,0.06494721917604344,5
661,35810,4,0.08476794317434048,5
662,35810,5,0.09875506546402804,5
663,35810,6,0.1076623381920335,5
664,35810,7,0.1146785599982472,5
665,35810,8,0.1249034217004656,5
666,35810,9,0.13585415470510184,5
667,35810,10,0.14911679805987282,5
668,35810,11,0.164985896521792,5
669,35810,12,0.1830046977820686,5
670,35810,13,0.20032184765578515,5
671,35810,14,0.21183609507202128,5
672,35810,15,0.21965333455696195,5
673,35810,16,0.22209452513751415,5
674,35810,17,0.22269675528253713,5
675,35810,18,0.22070106649426116,5
676,35810,19,0.21614476512211808,5
677,35810,20,0.21034189027156244,5
678,35810,21,0.20575236958566984,5
679,35810,22,0.2080614944654428,5
680,35810,23,0.21450210447797033,5
681,35810,24,0.22251850302429155,5
682,36105,-24,0.00990365071267547,5
683,36105,-23,0.012489518246112752,5
684,36105,-22,0.022087692116499368,5
685,36105,-21,0.03140166070118191,5
686,36105,-20,0.03623009545939162,5
687,36105,-19,0.035213327053634204,5
688,36105,-18,0.02557021712076981,5
689,36105,-17,0.01274067674088748,5
690,36105,-16,0.0002932511470959298,5
691,36105,-15,-0.003299170193068335,5
692,36105,-14,-0.0064738657764870314,5
693,36105,-13,-0.010267617747920354,5
694,36105,-12,-0.012791912275739748,5
695,36105,-11,-0.008573437312742982,5
696,36105,-10,-0.0006647466176385563,5
697,36105,-9,0.008601663244564151,5
698,36105,-8,0.017026145015823956,5
699,36105,-7,0.02236729206067878,5
700,36105,-6,0.020465402623218408,5
701,36105,-5,0.011890324738499913,5
702,36105,-4,0.004615360859126128,5
703,36105,-3,-0.0005340331665749431,5
704,36105,-2,0.0017391873365891542,5
705,36105,-1,0.0010183705352414308,5
706,36105,0,0.0,5
707,36105,1,-0.008244208204939341,5
708,36105,2,-0.018051782152022612,5
709,36105,3,-0.024399525743811525,5
710,36105,4,-0.02746552499845123,5
711,36105,5,-0.02692936479149104,5
712,36105,6,-0.02594054898634468,5
713,36105,7,-0.022977748921875474,5
714,36105,8,-0.015148971741400175,5
715,36105,9,-0.007560446590125025,5
716,36105,10,0.0016123360448482061,5
717,36105,11,0.008830848903648204,5
718,36105,12,0.015452343846927974,5
719,36105,13,0.019373560273713154,5
720,36105,14,0.01909340441049956,5
721,36105,15,0.014048875572940035,5
722,36105,16,0.0101886422025796,5
723,36105,17,0.0088424360832704,5
724,37066,-24,-0.17445905015494248,5
725,37066,-23,-0.15638614305312934,5
726,37066,-22,-0.1393918163031948,5
727,37066,-21,-0.11989434111213307,5
728,37066,-20,-0.09914677946436648,5
729,37066,-19,-0.07727701261863125,5
730,37066,-18,-0.05484378821017728,5
731,37066,-17,-0.03225407981617785,5
732,37066,-16,-0.008953496962836028,5
733,37066,-15,0.011301540526028475,5
734,37066,-14,0.02862234266635113,5
735,37066,-13,0.03704291505455011,5
736,37066,-12,0.03814014893442348,5
737,37066,-11,0.032379438871202385,5
738,37066,-10,0.025280554786753485,5
739,37066,-9,0.017860600741580867,5
740,37066,-8,0.010524236274939014,5
741,37066,-7,0.003040995839884886,5
742,37066,-6,-0.00297534909226016,5
743,37066,-5,-0.006649208278176033,5
744,37066,-4,-0.006777773282790634,5
745,37066,-3,-0.005208397103515239,5
746,37066,-2,-0.00204065279382597,5
747,37066,-1,-0.0007989490132494836,5
748,37066,0,0.0,5
749,37066,1,0.00010019952481101768,5
750,37066,2,0.00022520562762373686,5
751,37066,3,0.0007737549167586621,5
752,37066,4,0.0010186038422638432,5
753,37066,5,0.0020245469136607854,5
754,37066,6,0.004040171264544057,5
755,37066,7,0.00913531679878794,5
756,37066,8,0.014182971066418304,5
757,37066,9,0.018197963784459502,5
758,37066,10,0.018979714219474177,5
759,37066,11,0.01929274813169215,5
760,37066,12,0.01956610997476922,5
761,37066,13,0.020791081427727676,5
762,37066,14,0.022244667208696355,5
763,37066,15,0.02302731687901414,5
764,37066,16,0.0237987054072736,5
765,37066,17,0.025670976112091636,5
766,37066,18,0.02789769217640199,5
767,37066,19,0.028836091491051263,5
768,37066,20,0.028164909242242686,5
769,37066,21,0.02663139828408987,5
770,37066,22,0.024889655850111936,5
771,37066,23,0.023721771731036158,5
772,37066,24,0.023719088692898183,5
773,38109,-24,0.030501037644238595,5
774,38109,-23,0.04672494313848041,5
775,38109,-22,0.059796464176282885,5
776,38109,-21,0.07633590867384185,5
777,38109,-20,0.08857816510886138,5
778,38109,-19,0.09534844720895563,5
779,38109,-18,0.09566111476518842,5
780,38109,-17,0.09653453943818206,5
781,38109,-16,0.09710660074809851,5
782,38109,-15,0.09123038002117276,5
783,38109,-14,0.07588018939928531,5
784,38109,-13,0.06008101335826908,5
785,38109,-12,0.051986934120890636,5
786,38109,-11,0.051964803975730334,5
787,38109,-10,0.05528718374086701,5
788,38109,-9,0.05495912745995959,5
789,38109,-8,0.05155358231571263,5
790,38109,-7,0.041479220125059516,5
791,38109,-6,0.028028707892032757,5
792,38109,-5,0.011744628596075658,5
793,38109,-4,-0.00025941329082321827,5
794,38109,-3,-0.00732759374538503,5
795,38109,-2,-0.010268828694246678,5
796,38109,-1,-0.008364770538679168,5
797,38109,0,0.0,5
798,38109,1,0.01509444041632868,5
799,38109,2,0.030105305484228496,5
800,38109,3,0.039776482326767136,5
801,38109,4,0.04462533949283163,5
802,38109,5,0.04395213863097851,5
803,38109,6,0.044147691970484716,5
804,38109,7,0.046625706652441326,5
805,38109,8,0.054117438150756314,5
806,38109,9,0.06100988822347553,5
807,38109,10,0.06646453284751566,5
808,38109,11,0.06743471326451633,5
809,38109,12,0.06509147067440857,5
810,38109,13,0.056422330123111666,5
811,38109,14,0.04459860351030187,5
812,38109,15,0.033793990346638124,5
813,38109,16,0.02686620478215076,5
814,38109,17,0.02621185032096207,5
815,38109,18,0.027138131055893668,5
816,38109,19,0.02715008632361311,5
817,38109,20,0.024388296790492703,5
818,38109,21,0.022354500159175218,5
819,38109,22,0.022807334236150823,5
820,38109,23,0.02416548699670713,5
821,38109,24,0.02281461620016394,5
822,39046,-24,-0.11559252476628501,5
823,39046,-23,-0.1134535909344816,5
824,39046,-22,-0.10506464079689196,5
825,39046,-21,-0.09397467766790299,5
826,39046,-20,-0.0802082873098037,5
827,39046,-19,-0.06856851034281455,5
828,39046,-18,-0.05551897761539273,5
829,39046,-17,-0.044460576623505686,5
830,39046,-16,-0.03497755939727476,5
831,39046,-15,-0.02612252815857481,5
832,39046,-14,-0.019066985991232598,5
833,39046,-13,-0.014270017799436019,5
834,39046,-12,-0.012665275273445076,5
835,39046,-11,-0.012648457098206833,5
836,39046,-10,-0.012789393589343945,5
837,39046,-9,-0.013224878294028386,5
838,39046,-8,-0.017328731515119954,5
839,39046,-7,-0.022588862300017352,5
840,39046,-6,-0.027324030405285527,5
841,39046,-5,-0.024300613225409863,5
842,39046,-4,-0.017350300978404933,5
843,39046,-3,-0.010649638936832417,5
844,39046,-2,-0.006747056457171751,5
845,39046,-1,-0.003183833685756099,5
846,39046,0,0.0,5
847,39046,1,0.0009231505770845416,5
848,39046,2,-0.003065797056881081,5
849,39046,3,-0.007660629600603741,5
850,39046,4,-0.011059350186660665,5
851,39046,5,-0.013027564253789948,5
852,39046,6,-0.012284575297155698,5
853,39046,7,-0.009577544661658522,5
854,39046,8,-0.005765611649527003,5
855,39046,9,-0.004313446582623115,5
856,39046,10,-0.006426489735953567,5
857,39046,11,-0.008387203639535911,5
858,39046,12,-0.009331938247471782,5
859,39046,13,-0.0065860803109337954,5
860,39046,14,-0.0017395917025577745,5
861,39046,15,0.006122490528734303,5
862,39046,16,0.013988303200915552,5
863,39046,17,0.0230214839869781,5
864,39046,18,0.02791808404559184,5
865,39046,19,0.030391465289405773,5
866,39046,20,0.028974098858934382,5
867,39046,21,0.027344459262836553,5
868,39046,22,0.026679110891505077,5
869,39046,23,0.027535994665765885,5
870,39046,24,0.028273296099642308,5
871,39157,-24,-0.09192719110687442,5
872,39157,-23,-0.08192010363996935,5
873,39157,-22,-0.07080094899224995,5
874,39157,-21,-0.05977028893835161,5
875,39157,-20,-0.049995008845560206,5
876,39157,-19,-0.04074602677295473,5
877,39157,-18,-0.0344186109562397,5
878,39157,-17,-0.03020801696648192,5
879,39157,-16,-0.029580762544973993,5
880,39157,-15,-0.029971698697248073,5
881,39157,-14,-0.03014264170080132,5
882,39157,-13,-0.029895046476618604,5
883,39157,-12,-0.03026204856863437,5
884,39157,-11,-0.031154150268288917,5
885,39157,-10,-0.029864900454241193,5
886,39157,-9,-0.02457268726961672,5
887,39157,-8,-0.015310111532968306,5
888,39157,-7,-0.006023529751331936,5
889,39157,-6,0.000439662089275572,5
890,39157,-5,0.00424863266392812,5
891,39157,-4,0.005860766908304171,5
892,39157,-3,0.006719720637145344,5
893,39157,-2,0.004744163062143159,5
894,39157,-1,0.0018100574052745343,5
895,39157,0,0.0,5
896,39157,1,-0.00045670175824774617,5
897,39157,2,0.002095624100386928,5
898,39157,3,0.004850394847404971,5
899,39157,4,0.006810009823324847,5
900,39157,5,0.006148382473375946,5
901,39157,6,0.0038080205779433387,5
902,39157,7,0.0024248270718583596,5
903,39157,8,0.0023688743684800785,5
904,39157,9,0.0053309864774362834,5
905,39157,10,0.010385941902804419,5
906,39157,11,0.017040380558606925,5
907,39157,12,0.022878336262069254,5
908,39157,13,0.02891826893067666,5
909,39157,14,0.032481483697675985,5
910,39157,15,0.03495747217363565,5
911,39157,16,0.03482670101549275,5
912,39157,17,0.034181864571402445,5
913,39157,18,0.03367273023627817,5
914,39157,19,0.034820257691067266,5
915,39157,20,0.036501887754486616,5
916,39157,21,0.036982013330619526,5
917,39157,22,0.037780804345741006,5
918,39157,23,0.03959267520357344,5
919,39157,24,0.043646752315601486,5
920,43054,-24,-0.22626823456939887,5
921,43054,-23,-0.22058330068546256,5
922,43054,-22,-0.21706602189392185,5
923,43054,-21,-0.21548887375854447,5
924,43054,-20,-0.21338459065294657,5
925,43054,-19,-0.20827468173284663,5
926,43054,-18,-0.19939714198318406,5
927,43054,-17,-0.18779711312913924,5
928,43054,-16,-0.17537658272020984,5
929,43054,-15,-0.16334654886418817,5
930,43054,-14,-0.1517372949796041,5
931,43054,-13,-0.13891635779773956,5
932,43054,-12,-0.12517065028040228,5
933,43054,-11,-0.11035911918542496,5
934,43054,-10,-0.09462064683468263,5
935,43054,-9,-0.08007065592453451,5
936,43054,-8,-0.07002461874125672,5
937,43054,-7,-0.06579878137205171,5
938,43054,-6,-0.06515702585304588,5
939,43054,-5,-0.06305708809686514,5
940,43054,-4,-0.05761058318107217,5
941,43054,-3,-0.04964620250191061,5
942,43054,-2,-0.037513772771750095,5
943,43054,-1,-0.02101576807194263,5
944,43054,0,0.0,5
945,43054,1,0.022186990337426594,5
946,43054,2,0.041616035947755495,5
947,43054,3,0.05629289556790553,5
948,43054,4,0.06341312779453893,5
949,43054,5,0.06409050618298587,5
950,43054,6,0.06085359866044833,5
951,43054,7,0.05846647926035189,5
952,43054,8,0.05776756115026096,5
953,43054,9,0.05810393657544104,5
954,43054,10,0.05712510255111205,5
955,43054,11,0.058593382215214616,5
956,43054,12,0.06210694837350452,5
957,43054,13,0.0684988992173512,5
958,43054,14,0.07527748117665815,5
959,43054,15,0.0821715015424374,5
960,43054,16,0.08860951942759634,5
961,43054,17,0.09336051760940478,5
962,43054,18,0.09701054445592235,5
963,43054,19,0.09932386679632473,5
964,43054,20,0.10072747501720088,5
965,43054,21,0.102049898326705,5
966,43054,22,0.1039088711801135,5
967,43054,23,0.10791976761210442,5
968,43054,24,0.1143856991458243,5
969,43130,-24,-0.24120184133580197,5
970,43130,-23,-0.2348519802617691,5
971,43130,-22,-0.22670979116480333,5
972,43130,-21,-0.21696825506121192,5
973,43130,-20,-0.20911664063561766,5
974,43130,-19,-0.19960297592394377,5
975,43130,-18,-0.1883277558885311,5
976,43130,-17,-0.1765377148849005,5
977,43130,-16,-0.16809532570618585,5
978,43130,-15,-0.16372114705990767,5
979,43130,-14,-0.15806247164343432,5
980,43130,-13,-0.1482274124403613,5
981,43130,-12,-0.13107651015198946,5
982,43130,-11,-0.11186035490770649,5
983,43130,-10,-0.09258718598666568,5
984,43130,-9,-0.07712195956546992,5
985,43130,-8,-0.06469248299619608,5
986,43130,-7,-0.05207568896351411,5
987,43130,-6,-0.03801852731646456,5
988,43130,-5,-0.023418912817532344,5
989,43130,-4,-0.010593340322611767,5
990,43130,-3,0.0012984257536555078,5
991,43130,-2,0.006927535082174074,5
992,43130,-1,0.006190650552665033,5
993,43130,0,0.0,5
994,43130,1,-0.002572335588679664,5
995,43130,2,-0.0009410588406062459,5
996,43130,3,0.0021964144811853713,5
997,43130,4,0.013106292749203519,5
998,43130,5,0.030568289792186575,5
999,43130,6,0.053638538126886105,5
1000,43130,7,0.0740094027432093,5
1001,43130,8,0.08837333448146119,5
1002,43130,9,0.10100248639027284,5
1003,43130,10,0.1058610671992497,5
1004,43130,11,0.10678828412910057,5
1005,43130,12,0.10239090767710338,5
1006,43130,13,0.09884477428494912,5
1007,43130,14,0.09599103524483717,5
1008,43130,15,0.09176833239035105,5
1009,43130,16,0.08556907454007785,5
1010,43130,17,0.08064615307862191,5
1011,43130,18,0.08093258165245096,5
1012,43130,19,0.08970308470626201,5
1013,43130,20,0.10271106557093468,5
1014,43130,21,0.11731207525323058,5
1015,43130,22,0.130217188565981,5
1016,43130,23,0.1403298335986353,5
1017,43130,24,0.1474180640776261,5
1018,43207,-24,-0.2682772076702971,5
1019,43207,-23,-0.25884152813172,5
1020,43207,-22,-0.2478544601626851,5
1021,43207,-21,-0.2353239579485699,5
1022,43207,-20,-0.22410169679349715,5
1023,43207,-19,-0.2136280201379268,5
1024,43207,-18,-0.20254242319936325,5
1025,43207,-17,-0.18981311272912826,5
1026,43207,-16,-0.18056770087021903,5
1027,43207,-15,-0.17527476041243767,5
1028,43207,-14,-0.17101652529063854,5
1029,43207,-13,-0.16150358218857583,5
1030,43207,-12,-0.14560225212953348,5
1031,43207,-11,-0.12665714260311098,5
1032,43207,-10,-0.106846119578449,5
1033,43207,-9,-0.08759633505691511,5
1034,43207,-8,-0.06786155276523616,5
1035,43207,-7,-0.04765824089007005,5
1036,43207,-6,-0.027506467202008267,5
1037,43207,-5,-0.010213215499151574,5
1038,43207,-4,0.0037771504645760954,5
1039,43207,-3,0.014549453789480893,5
1040,43207,-2,0.017355572395834785,5
1041,43207,-1,0.011367574763624688,5
1042,43207,0,0.0,5
1043,43207,1,-0.007177935866431539,5
1044,43207,2,-0.006763913336707006,5
1045,43207,3,-0.0016556685397450365,5
1046,43207,4,0.014561598495659921,5
1047,43207,5,0.03916261057108237,5
1048,43207,6,0.06606488394317615,5
1049,43207,7,0.08526365562445512,5
1050,43207,8,0.09643283763183526,5
1051,43207,9,0.10506455210340455,5
1052,43207,10,0.10898771388972647,5
1053,43207,11,0.10855196754039405,5
1054,43207,12,0.10527310640418755,5
1055,43207,13,0.10259710338413583,5
1056,43207,14,0.10057418068790831,5
1057,43207,15,0.09720488180382922,5
1058,43207,16,0.09325594404901132,5
1059,43207,17,0.09248168714548406,5
1060,43207,18,0.09533073689918262,5
1061,43207,19,0.10300958491115679,5
1062,43207,20,0.11388106355902394,5
1063,43207,21,0.12447438227946499,5
1064,43207,22,0.13370240467970795,5
1065,43207,23,0.14096316501288547,5
1066,43207,24,0.14748151251481723,5
1067,44481,-24,-0.13195159809737725,5
1068,44481,-23,-0.12369620146873288,5
1069,44481,-22,-0.11677838103640888,5
1070,44481,-21,-0.11326179173566828,5
1071,44481,-20,-0.11225859434538314,5
1072,44481,-19,-0.1091332889540901,5
1073,44481,-18,-0.1011007381434272,5
1074,44481,-17,-0.08967737214063831,5
1075,44481,-16,-0.07890000532304561,5
1076,44481,-15,-0.07006117168775247,5
1077,44481,-14,-0.06334333254306834,5
1078,44481,-13,-0.05838541342241719,5
1079,44481,-12,-0.05577532382552057,5
1080,44481,-11,-0.053337206237955216,5
1081,44481,-10,-0.05122058435007233,5
1082,44481,-9,-0.04627520180470555,5
1083,44481,-8,-0.03987281283326105,5
1084,44481,-7,-0.03334609898686729,5
1085,44481,-6,-0.03009067047857634,5
1086,44481,-5,-0.02837119830076986,5
1087,44481,-4,-0.02593926855338431,5
1088,44481,-3,-0.02188330967496661,5
1089,44481,-2,-0.0143881619538071,5
1090,44481,-1,-0.00678838381786342,5
1091,44481,0,0.0,5
1092,44481,1,0.002983714774727275,5
1093,44481,2,0.005648060564336532,5
1094,44481,3,0.009900808586179722,5
1095,44481,4,0.014285199695227036,5
1096,44481,5,0.018373846273795992,5
1097,44481,6,0.02147856683434135,5
1098,44481,7,0.024439539880825478,5
1099,44481,8,0.02725100228235533,5
1100,44481,9,0.03111994437650445,5
1101,44481,10,0.03656500896870192,5
1102,46552,-24,-0.16157462832848885,5
1103,46552,-23,-0.14394723318240601,5
1104,46552,-22,-0.12390342765975859,5
1105,46552,-21,-0.10315106608623274,5
1106,46552,-20,-0.08618209358192175,5
1107,46552,-19,-0.07105776311684124,5
1108,46552,-18,-0.06445596063237317,5
1109,46552,-17,-0.06349863632737004,5
1110,46552,-16,-0.06810070402699502,5
1111,46552,-15,-0.07119265251964393,5
1112,46552,-14,-0.07251850518815495,5
1113,46552,-13,-0.07255478553357123,5
1114,46552,-12,-0.07372448088208224,5
1115,46552,-11,-0.07207647352907606,5
1116,46552,-10,-0.06686205973122554,5
1117,46552,-9,-0.056843002633806,5
1118,46552,-8,-0.04588967592381863,5
1119,46552,-7,-0.03382913422349674,5
1120,46552,-6,-0.023160439036862,5
1121,46552,-5,-0.012376876498536405,5
1122,46552,-4,-0.004095487226067007,5
1123,46552,-3,0.0001085379435831868,5
1124,46552,-2,0.000657044517704719,5
1125,46552,-1,-0.0013025596189720546,5
1126,46552,0,0.0,5
1127,46552,1,0.0039736214543907526,5
1128,46552,2,0.012563674562882099,5
1129,46552,3,0.022873393594204927,5
1130,46552,4,0.03233987836337384,5
1131,46552,5,0.038231141759965934,5
1132,46552,6,0.041041233969723125,5
1133,46552,7,0.042782900556149174,5
1134,46552,8,0.04549477617036004,5
1135,46552,9,0.04993876753791504,5
1136,46552,10,0.05505287034998076,5
1137,46552,11,0.06174892869307662,5
1138,46552,12,0.06867615857666784,5
1139,46552,13,0.0754274131507362,5
1140,46552,14,0.07866538639977101,5
1141,46552,15,0.07923480536522512,5
1142,46552,16,0.07882852210573113,5
1143,46552,17,0.07946889997512904,5
1144,46552,18,0.08360047577273697,5
1145,46552,19,0.08858010541800247,5
1146,46552,20,0.09495951014644888,5
1147,46552,21,0.09995290582648622,5
1148,46552,22,0.10569887854731874,5
1149,46552,23,0.11141034759328114,5
1150,46552,24,0.11780744989307834,5
1151,46806,-24,-0.1850711884999086,5
1152,46806,-23,-0.16740575531439178,5
1153,46806,-22,-0.15541592778438656,5
1154,46806,-21,-0.14335012635455407,5
1155,46806,-20,-0.1354984560477913,5
1156,46806,-19,-0.13196326882978154,5
1157,46806,-18,-0.13218423546367256,5
1158,46806,-17,-0.13280019382158664,5
1159,46806,-16,-0.13145990499829452,5
1160,46806,-15,-0.12946371091866418,5
1161,46806,-14,-0.1282488545850839,5
1162,46806,-13,-0.12221624296879305,5
1163,46806,-12,-0.11220965256832009,5
1164,46806,-11,-0.09756680210217042,5
1165,46806,-10,-0.08285851111008888,5
1166,46806,-9,-0.0693811354357667,5
1167,46806,-8,-0.0573807039641153,5
1168,46806,-7,-0.04763829204384216,5
1169,46806,-6,-0.03980768246660702,5
1170,46806,-5,-0.03450770356040209,5
1171,46806,-4,-0.030455727744588046,5
1172,46806,-3,-0.027345814723193484,5
1173,46806,-2,-0.020923241154984496,5
1174,46806,-1,-0.012445534372109535,5
1175,46806,0,0.0,5
1176,46806,1,0.013633675931471245,5
1177,46806,2,0.026450982933713972,5
1178,46806,3,0.03593804625582884,5
1179,46806,4,0.04108974271646524,5
1180,46806,5,0.04427141148330769,5
1181,46806,6,0.04506950069207072,5
1182,46806,7,0.04650198750798253,5
1183,46806,8,0.04846431195753169,5
1184,46806,9,0.053660495584338365,5
1185,46806,10,0.0596758222829223,5
1186,46806,11,0.06503213037032118,5
1187,46806,12,0.06872734459331369,5
1188,46806,13,0.0701068027426203,5
1189,46806,14,0.07168438456395414,5
1190,46806,15,0.07207406212794928,5
1191,46806,16,0.0735454153630755,5
1192,46806,17,0.07391894604254787,5
1193,46806,18,0.07530936460748201,5
1194,46806,19,0.0767721613550485,5
1195,46806,20,0.07989446253614503,5
1196,46806,21,0.08484500828771431,5
1197,46806,22,0.09107852077160601,5
1198,46806,23,0.09789062813708468,5
1199,46806,24,0.10126738977326824,5
1200,47130,-24,-0.11679968314544134,5
1201,47130,-23,-0.10133897041427567,5
1202,47130,-22,-0.08520024721867933,5
1203,47130,-21,-0.07082833250840323,5
1204,47130,-20,-0.05853091602902296,5
1205,47130,-19,-0.04667994031995093,5
1206,47130,-18,-0.0420534011993805,5
1207,47130,-17,-0.04435251926609958,5
1208,47130,-16,-0.053331265366806234,5
1209,47130,-15,-0.06044869872136864,5
1210,47130,-14,-0.06458003297117329,5
1211,47130,-13,-0.06626009046259007,5
1212,47130,-12,-0.06956083958212034,5
1213,47130,-11,-0.07051629159528297,5
1214,47130,-10,-0.06634036594320421,5
1215,47130,-9,-0.05555315095175217,5
1216,47130,-8,-0.04227391676261796,5
1217,47130,-7,-0.030880675462752548,5
1218,47130,-6,-0.022698951010229607,5
1219,47130,-5,-0.01615629430177279,5
1220,47130,-4,-0.01099865093543535,5
1221,47130,-3,-0.006895544668909537,5
1222,47130,-2,-0.004203901915035146,5
1223,47130,-1,-0.0017329194898564992,5
1224,47130,0,0.0,5
1225,47130,1,0.0029608102115258107,5
1226,47130,2,0.00889246091494691,5
1227,47130,3,0.017203798288135275,5
1228,47130,4,0.024486851453288237,5
1229,47130,5,0.030172996785528382,5
1230,47130,6,0.03475953498764177,5
1231,47130,7,0.03899823773932809,5
1232,47130,8,0.04039366611027902,5
1233,47130,9,0.04159153143921799,5
1234,47130,10,0.042813765500855895,5
1235,47130,11,0.048881945328321665,5
1236,47130,12,0.05634725867226642,5
1237,47130,13,0.06401360853827356,5
1238,47130,14,0.06727581689447674,5
1239,47130,15,0.06840043559046834,5
1240,47130,16,0.06850591463114988,5
1241,47130,17,0.06850464933640694,5
1242,47130,18,0.06843931825242926,5
1243,47130,19,0.06734918505185697,5
1244,47130,20,0.06719584699949763,5
1245,47130,21,0.06742430058222659,5
1246,47130,22,0.07042516868103092,5
1247,47130,23,0.07516028404070844,5
1248,47130,24,0.08220417397753828,5
1249,50061,-24,-0.11556743087637748,5
1250,50061,-23,-0.11138803964954605,5
1251,50061,-22,-0.10674966726678932,5
1252,50061,-21,-0.10076889616109916,5
1253,50061,-20,-0.09576076233707517,5
1254,50061,-19,-0.09114232753859071,5
1255,50061,-18,-0.08636232766042688,5
1256,50061,-17,-0.0806223696202892,5
1257,50061,-16,-0.07612980842246131,5
1258,50061,-15,-0.07229889676573364,5
1259,50061,-14,-0.06815973815649023,5
1260,50061,-13,-0.06273683321112315,5
1261,50061,-12,-0.058667400309432335,5
1262,50061,-11,-0.056235332126297874,5
1263,50061,-10,-0.05299107395139409,5
1264,50061,-9,-0.04719345305498237,5
1265,50061,-8,-0.03919844649412276,5
1266,50061,-7,-0.03422327914199776,5
1267,50061,-6,-0.0299626971137112,5
1268,50061,-5,-0.026230087355853728,5
1269,50061,-4,-0.019585351144434427,5
1270,50061,-3,-0.014272597177082957,5
1271,50061,-2,-0.008941247148188225,5
1272,50061,-1,-0.005117435619489541,5
1273,50061,0,0.0,5
1274,50061,1,0.004931322902411495,5
1275,50061,2,0.010162144191763289,5
1276,50061,3,0.016266018875832344,5
1277,50061,4,0.02327528065554745,5
1278,50061,5,0.028168548039259632,5
1279,50061,6,0.03130940098210182,5
1280,50061,7,0.032726347652331,5
1281,50061,8,0.034685394992550654,5
1282,50061,9,0.03618581374842407,5
1283,50061,10,0.03779572377565401,5
1284,50061,11,0.042844153773217285,5
1285,50061,12,0.04868231026487706,5
1286,50061,13,0.05346035297100329,5
1287,50061,14,0.05367775320127777,5
1288,50061,15,0.053373037181243886,5
1289,50061,16,0.05486165673802503,5
1290,50061,17,0.05714547568319652,5
1291,50061,18,0.059487471690850315,5
1292,50061,19,0.06072840728246369,5
1293,50061,20,0.06448382357177351,5
1294,50061,21,0.06998197254793545,5
1295,50061,22,0.08041304423160725,5
1296,50061,23,0.09295116510683954,5
1297,50061,24,0.10596345860663803,5
1298,51503,-24,-0.22280157988939814,5
1299,51503,-23,-0.2104302065934885,5
1300,51503,-22,-0.19739734776293147,5
1301,51503,-21,-0.1857360154693321,5
1302,51503,-20,-0.1770318717797558,5
1303,51503,-19,-0.16909065308704144,5
1304,51503,-18,-0.16052116560257446,5
1305,51503,-17,-0.15099678827303187,5
1306,51503,-16,-0.13925497726766983,5
1307,51503,-15,-0.1267980322988894,5
1308,51503,-14,-0.11563828967808902,5
1309,51503,-13,-0.10828860488463085,5
1310,51503,-12,-0.10565705299267023,5
1311,51503,-11,-0.10613057729931015,5
1312,51503,-10,-0.10640372255922159,5
1313,51503,-9,-0.10371577013683116,5
1314,51503,-8,-0.09839039214929315,5
1315,51503,-7,-0.08863909143993531,5
1316,51503,-6,-0.07685057211770711,5
1317,51503,-5,-0.061488472973595165,5
1318,51503,-4,-0.04431920915197196,5
1319,51503,-3,-0.025626390143637323,5
1320,51503,-2,-0.009606473630052648,5
1321,51503,-1,-0.0010715876610262853,5
1322,51503,0,0.0,5
1323,51503,1,-0.004041625396296311,5
1324,51503,2,-0.006724410266028258,5
1325,51503,3,-0.007347363382711691,5
1326,51503,4,-0.0063546258400077,5
1327,51503,5,-0.00738558130978646,5
1328,51503,6,-0.007457023175894406,5
1329,51503,7,-0.00467277851617709,5
1330,51503,8,0.0014205232282428425,5
1331,51503,9,0.008400849047706771,5
1332,51503,10,0.0152995368459937,5
1333,51503,11,0.020141094771648937,5
1334,51503,12,0.02385236844558669,5
1335,51503,13,0.02476885807469422,5
1336,51503,14,0.025529365145961335,5
1337,51503,15,0.025217570779522802,5
1338,51503,16,0.024886782803656617,5
1339,51503,17,0.026368573188200982,5
1340,51503,18,0.03036131358457723,5
1341,51503,19,0.037575048304021405,5
1342,51503,20,0.04511440526218493,5
1343,51503,21,0.05149896119652162,5
1344,51503,22,0.05510561210793021,5
1345,51503,23,0.056995001335241116,5
1346,51503,24,0.05853242389875675,5
1347,52228,-24,-0.058754460544196974,5
1348,52228,-23,-0.06088719351351877,5
1349,52228,-22,-0.06241439957331707,5
1350,52228,-21,-0.061695331721073644,5
1351,52228,-20,-0.05804477786899156,5
1352,52228,-19,-0.05340359565381654,5
1353,52228,-18,-0.048581028792368385,5
1354,52228,-17,-0.044239511217778825,5
1355,52228,-16,-0.041061913857019405,5
1356,52228,-15,-0.038578342053909864,5
1357,52228,-14,-0.03709411639690323,5
1358,52228,-13,-0.03731819802630696,5
1359,52228,-12,-0.039099078020732494,5
1360,52228,-11,-0.04019504815009043,5
1361,52228,-10,-0.039047850688772104,5
1362,52228,-9,-0.03378242704606969,5
1363,52228,-8,-0.02754786091672621,5
1364,52228,-7,-0.021164084787333337,5
1365,52228,-6,-0.017325802237313326,5
1366,52228,-5,-0.014889685245643491,5
1367,52228,-4,-0.012845429578786139,5
1368,52228,-3,-0.010689453194258647,5
1369,52228,-2,-0.007815066140602766,5
1370,52228,-1,-0.004319411346286018,5
1371,52228,0,0.0,5
1372,52228,1,0.00413425472467388,5
1373,52228,2,0.006593611559448575,5
1374,52228,3,0.006884584071431022,5
1375,52228,4,0.00661568742470422,5
1376,52228,5,0.006190672938229014,5
1377,52228,6,0.006841695121072888,5
1378,52228,7,0.009303558900983333,5
1379,52228,8,0.013222951937083848,5
1380,52228,9,0.01776147498314664,5
1381,52228,10,0.021280778743618712,5
1382,52228,11,0.025574242990180095,5
1383,52228,12,0.030835371349823858,5
1384,52228,13,0.036389211274721237,5
1385,52228,14,0.040721634830956435,5
1386,52228,15,0.04365045422588949,5
1387,52228,16,0.045729462490561444,5
1388,52228,17,0.04725868950298242,5
1389,52228,18,0.04984136416826566,5
1390,52228,19,0.053090619044747454,5
1391,52404,-24,-0.10125734778264643,5
1392,52404,-23,-0.08553617711275692,5
1393,52404,-22,-0.07086832639037546,5
1394,52404,-21,-0.06205285716372373,5
1395,52404,-20,-0.0592821079583576,5
1396,52404,-19,-0.06058234168871905,5
1397,52404,-18,-0.06083397810566389,5
1398,52404,-17,-0.06021695813548753,5
1399,52404,-16,-0.060014521498618835,5
1400,52404,-15,-0.062145468314356835,5
1401,52404,-14,-0.06415524500400345,5
1402,52404,-13,-0.06290117121103833,5
1403,52404,-12,-0.0563469071965077,5
1404,52404,-11,-0.047285721135029136,5
1405,52404,-10,-0.03907838417019356,5
1406,52404,-9,-0.03314305856448385,5
1407,52404,-8,-0.028207496307532765,5
1408,52404,-7,-0.023867749803509853,5
1409,52404,-6,-0.0202123076825945,5
1410,52404,-5,-0.018449745081572287,5
1411,52404,-4,-0.018791064406829604,5
1412,52404,-3,-0.01952101746920114,5
1413,52404,-2,-0.01713899182996421,5
1414,52404,-1,-0.009760733689966017,5
1415,52404,0,0.0,5
1416,52404,1,0.007848706346737089,5
1417,52404,2,0.01169394035154916,5
1418,52404,3,0.012156245955948108,5
1419,52404,4,0.011315411016373744,5
1420,52404,5,0.010747338620868874,5
1421,52404,6,0.012486433529991814,5
1422,52404,7,0.017797965103605762,5
1423,52404,8,0.026531095138959414,5
1424,52404,9,0.03500056698187386,5
1425,52404,10,0.04137115440074339,5
1426,52404,11,0.04305275022335735,5
1427,52404,12,0.04237136033470854,5
1428,52404,13,0.0413652763707848,5
1429,52404,14,0.04185061050055516,5
1430,52404,15,0.04592081246954756,5
1431,52404,16,0.05137691662976174,5
1432,52404,17,0.05761582587770917,5
1433,52404,18,0.0616161122558669,5
1434,52404,19,0.06474284995926212,5
1435,52404,20,0.06875503344675948,5
1436,52404,21,0.07511418304076152,5
1437,52404,22,0.08221454844364082,5
1438,52404,23,0.0897591609460914,5
1439,52404,24,0.09540630743747691,5
1440,53403,-24,-0.14339458613009307,5
1441,53403,-23,-0.130558774959124,5
1442,53403,-22,-0.1221805301598355,5
1443,53403,-21,-0.11818837274979295,5
1444,53403,-20,-0.11599119858123963,5
1445,53403,-19,-0.11368174839038617,5
1446,53403,-18,-0.111275542584848,5
1447,53403,-17,-0.10603312478032904,5
1448,53403,-16,-0.09796803822825702,5
1449,53403,-15,-0.08612048108232173,5
1450,53403,-14,-0.07178156006431884,5
1451,53403,-13,-0.0573765577346812,5
1452,53403,-12,-0.04378456857880373,5
1453,53403,-11,-0.03678791377179032,5
1454,53403,-10,-0.036892506282358184,5
1455,53403,-9,-0.04230790751354796,5
1456,53403,-8,-0.04768499199162228,5
1457,53403,-7,-0.04990128905894089,5
1458,53403,-6,-0.0491505597025661,5
1459,53403,-5,-0.0453399935970598,5
1460,53403,-4,-0.04003842601060761,5
1461,53403,-3,-0.03142369572232049,5
1462,53403,-2,-0.021199109705982266,5
1463,53403,-1,-0.009053948777437527,5
1464,53403,0,0.0,5
1465,53403,1,0.006288189019528901,5
1466,53403,2,0.011313152599417365,5
1467,53403,3,0.01722594951086869,5
1468,53403,4,0.022687607192588288,5
1469,53403,5,0.02649684397699197,5
1470,53403,6,0.027254918826132624,5
1471,53403,7,0.029709262692566085,5
1472,53403,8,0.0350354125303312,5
1473,53403,9,0.04491961096463548,5
1474,53403,10,0.05581847501033828,5
1475,53403,11,0.06395403736065326,5
1476,53403,12,0.07024843786392942,5
1477,53403,13,0.07449358619863204,5
1478,53403,14,0.0788843736330577,5
1479,53403,15,0.08259587362495288,5
1480,53403,16,0.08685996712725733,5
1481,53403,17,0.0920453555530937,5
1482,53403,18,0.09781870992477337,5
1483,53403,19,0.10426584891986294,5
1484,53403,20,0.11068719349054952,5
1485,53403,21,0.11660974079065696,5
1486,53403,22,0.12202424972031096,5
1487,53403,23,0.12611812767416913,5
1488,53403,24,0.1286292401599578,5
1489,55068,-24,0.004821362371556148,5
1490,55068,-23,0.0172418479948405,5
1491,55068,-22,0.024925199691677946,5
1492,55068,-21,0.025289977216260695,5
1493,55068,-20,0.01990891426639472,5
1494,55068,-19,0.0109107972233911,5
1495,55068,-18,0.004247438568778605,5
1496,55068,-17,-0.0006424595119412402,5
1497,55068,-16,-0.0046688044802888126,5
1498,55068,-15,-0.009863487581683117,5
1499,55068,-14,-0.013883118934218074,5
1500,55068,-13,-0.015271230954085623,5
1501,55068,-12,-0.013227276861215031,5
1502,55068,-11,-0.009221473790515234,5
1503,55068,-10,-0.004716854785582925,5
1504,55068,-9,-0.001326891297216548,5
1505,55068,-8,0.0009636725849247796,5
1506,55068,-7,0.0016117127035819578,5
1507,55068,-6,-4.071299487016233e-05,5
1508,55068,-5,-0.003168444952545002,5
1509,55068,-4,-0.0059827711017781835,5
1510,55068,-3,-0.007762941038344806,5
1511,55068,-2,-0.007275300734092838,5
1512,55068,-1,-0.004113279671543069,5
1513,55068,0,0.0,5
1514,55068,1,0.002151178092541883,5
1515,55068,2,0.0010628479462333473,5
1516,55068,3,-8.625801002999367e-05,5
1517,55068,4,0.0006758458119982436,5
1518,55068,5,0.0031139418915568486,5
1519,55068,6,0.006605574586980012,5
1520,55068,7,0.009981269274329208,5
1521,55068,8,0.014117632341623576,5
1522,55068,9,0.017451192113229298,5
1523,55068,10,0.01925876577550447,5
1524,55068,11,0.0182461730469047,5
1525,55068,12,0.016505992211687116,5
1526,55068,13,0.014925647511038776,5
1527,55068,14,0.014331524796741135,5
1528,55068,15,0.015580191285229361,5
1529,55068,16,0.01787722528834621,5
1530,55068,17,0.02128288782143848,5
1531,55068,18,0.023951630869060735,5
1532,55068,19,0.025951400533118375,5
1533,55068,20,0.028137649616371264,5
1534,55068,21,0.0300367960568817,5
1535,55068,22,0.032656140165335044,5
1536,55068,23,0.033781869254836394,5
1537,55068,24,0.03388192206945177,5
1538,58436,-24,0.08185113473437547,5
1539,58436,-23,0.07971161619043805,5
1540,58436,-22,0.08033291465031418,5
1541,58436,-21,0.08730639909940371,5
1542,58436,-20,0.09833725578165194,5
1543,58436,-19,0.10289555237527992,5
1544,58436,-18,0.10343478150649225,5
1545,58436,-17,0.10447168664875121,5
1546,58436,-16,0.10892472529214423,5
1547,58436,-15,0.11817497726889563,5
1548,58436,-14,0.12130170348827499,5
1549,58436,-13,0.12150895423384504,5
1550,58436,-12,0.11452470596183631,5
1551,58436,-11,0.11109955448572464,5
1552,58436,-10,0.10706852090224465,5
1553,58436,-9,0.09666026667192221,5
1554,58436,-8,0.07887734344588111,5
1555,58436,-7,0.0535982687523326,5
1556,58436,-6,0.03787962022465337,5
1557,58436,-5,0.029155556408880658,5
1558,58436,-4,0.029793178654678697,5
1559,58436,-3,0.02724103262098616,5
1560,58436,-2,0.019649063248051137,5
1561,58436,-1,0.013180435518013667,5
1562,58436,0,0.0,5
1563,58436,1,-0.017369974053223557,5
1564,58436,2,-0.0375627067489777,5
1565,58436,3,-0.05466637215706101,5
1566,58436,4,-0.06359127988556494,5
1567,58436,5,-0.06611398640311208,5
1568,58436,6,-0.06285414701560939,5
1569,58436,7,-0.05724754917209438,5
1570,58436,8,-0.05506261536621473,5
1571,58436,9,-0.047244721448453576,5
1572,58436,10,-0.041242628055276856,5
1573,58436,11,-0.03910092753727845,5
1574,58436,12,-0.043852863827094524,5
1575,58436,13,-0.04614477512519066,5
1576,58436,14,-0.04728344022149642,5
1577,58436,15,-0.04650461256631679,5
1578,58436,16,-0.04454615697748352,5
1579,58436,17,-0.04080678168839782,5
1580,58436,18,-0.041053503913943246,5
1581,58436,19,-0.05042809807731778,5
1582,58436,20,-0.06380807175137733,5
1583,58436,21,-0.07687237598096601,5
1584,58436,22,-0.08741928043737061,5
1585,58436,23,-0.09663223824812342,5
1586,58436,24,-0.10418712007548692,5
1587,68059,-24,-0.04844301744629611,5
1588,68059,-23,-0.046128545695302135,5
1589,68059,-22,-0.04762382407685948,5
1590,68059,-21,-0.047703853110748186,5
1591,68059,-20,-0.04549334095638287,5
1592,68059,-19,-0.04258164361250642,5
1593,68059,-18,-0.04311961055333171,5
1594,68059,-17,-0.04444165123230803,5
1595,68059,-16,-0.04449345973193282,5
1596,68059,-15,-0.04109591054348165,5
1597,68059,-14,-0.03545109250002483,5
1598,68059,-13,-0.02868578571933007,5
1599,68059,-12,-0.02297240686333346,5
1600,68059,-11,-0.02024190173655107,5
1601,68059,-10,-0.02042631105991788,5
1602,68059,-9,-0.02125242906810314,5
1603,68059,-8,-0.021555660425645586,5
1604,68059,-7,-0.021621068558087587,5
1605,68059,-6,-0.0207614187906195,5
1606,68059,-5,-0.018669978931213648,5
1607,68059,-4,-0.01388478752593123,5
1608,68059,-3,-0.00928866451194601,5
1609,68059,-2,-0.005129544149981058,5
1610,68059,-1,-0.0028530209126255814,5
1611,68059,0,0.0,5
1612,68059,1,0.003158785841866063,5
1613,68059,2,0.006643923405794894,5
1614,68059,3,0.00985755351714417,5
1615,68059,4,0.012544774226720179,5
1616,68059,5,0.01568955408935615,5
1617,68059,6,0.017573553789591755,5
1618,68059,7,0.018977402592893357,5
1619,68059,8,0.018027230063521672,5
1620,68059,9,0.016445444818829813,5
1621,68059,10,0.014296786055532706,5
1622,68059,11,0.01324438678415767,5
1623,68059,12,0.014398622082069323,5
1624,68059,13,0.016912466389209513,5
1625,68059,14,0.02220697427158491,5
1626,68059,15,0.02853342991517529,5
1627,68059,16,0.03589553003050341,5
1628,68059,17,0.04315710533685717,5
1629,68059,18,0.04903770478159579,5
1630,68059,19,0.05240183538972367,5
1631,68059,20,0.05335303055524641,5
1632,68059,21,0.0524750889871715,5
1633,68059,22,0.052012243597047814,5
1634,68059,23,0.05262194719312489,5
1635,68059,24,0.05527613028784373,5
1636,68138,-24,-0.12303945788655817,5
1637,68138,-23,-0.11754236379856842,5
1638,68138,-22,-0.1113144554184057,5
1639,68138,-21,-0.10523379177390275,5
1640,68138,-20,-0.10118813554649683,5
1641,68138,-19,-0.09679063519021014,5
1642,68138,-18,-0.09378741434619187,5
1643,68138,-17,-0.08990071320608521,5
1644,68138,-16,-0.08730892951958395,5
1645,68138,-15,-0.08306828697176058,5
1646,68138,-14,-0.07908027156167315,5
1647,68138,-13,-0.07375665597912615,5
1648,68138,-12,-0.06780524179027089,5
1649,68138,-11,-0.05986462856064527,5
1650,68138,-10,-0.0524680237795355,5
1651,68138,-9,-0.04625685968380857,5
1652,68138,-8,-0.040538717036510616,5
1653,68138,-7,-0.035832984507848664,5
1654,68138,-6,-0.030997216170929674,5
1655,68138,-5,-0.02735530568560911,5
1656,68138,-4,-0.022427137222897287,5
1657,68138,-3,-0.017384429183695715,5
1658,68138,-2,-0.011855887412740884,5
1659,68138,-1,-0.006128748807878637,5
1660,68138,0,0.0,5
1661,68138,1,0.0072478935967065896,5
1662,68138,2,0.01454520884141921,5
1663,68138,3,0.021639209437772776,5
1664,68138,4,0.027212415553354675,5
1665,68138,5,0.03419840129045717,5
1666,68138,6,0.04408033223066923,5
1667,68138,7,0.05878177956580686,5
1668,68138,8,0.07438106417079773,5
1669,68138,9,0.08858661201938708,5
1670,68138,10,0.09852234139615704,5
1671,68138,11,0.10617585586690588,5
1672,68138,12,0.11312574399807147,5
1673,68138,13,0.12281693263352089,5
1674,68138,14,0.13383731500375795,5
1675,68138,15,0.14628091885173547,5
1676,68138,16,0.15734738134984774,5
1677,68138,17,0.16468189627480675,5
1678,68138,18,0.16669825709546693,5
1679,68138,19,0.16476394717325887,5
1680,68138,20,0.1637766497121035,5
1681,68138,21,0.16675061829039067,5
1682,68138,22,0.17342418448978555,5
1683,68138,23,0.186023516317735,5
1684,68138,24,0.20282197319333797,5
1685,68142,-24,-0.19684633030165982,5
1686,68142,-23,-0.1903677828327414,5
1687,68142,-22,-0.18469536560507507,5
1688,68142,-21,-0.17971720619537662,5
1689,68142,-20,-0.17466502357738173,5
1690,68142,-19,-0.16777967813987615,5
1691,68142,-18,-0.16145177468880298,5
1692,68142,-17,-0.1570640525156275,5
1693,68142,-16,-0.15364645492930934,5
1694,68142,-15,-0.14937239621293621,5
1695,68142,-14,-0.14136189858882986,5
1696,68142,-13,-0.13048895753996312,5
1697,68142,-12,-0.11771097142044055,5
1698,68142,-11,-0.10496062595180114,5
1699,68142,-10,-0.09269124565482585,5
1700,68142,-9,-0.08120427367370268,5
1701,68142,-8,-0.06857494158127402,5
1702,68142,-7,-0.05534671639079249,5
1703,68142,-6,-0.040777988738725665,5
1704,68142,-5,-0.02644358701309777,5
1705,68142,-4,-0.01337934267029368,5
1706,68142,-3,-0.0039755437465455404,5
1707,68142,-2,-3.1240204561200355e-05,5
1708,68142,-1,-0.0007030550736722319,5
1709,68142,0,0.0,5
1710,68142,1,0.005424379847434224,5
1711,68142,2,0.014765527794141775,5
1712,68142,3,0.02925685597720431,5
1713,68142,4,0.04738047264238219,5
1714,68142,5,0.06879326865214849,5
1715,68142,6,0.08966481406437551,5
1716,68142,7,0.10656507736820693,5
1717,68142,8,0.12029625369037689,5
1718,68142,9,0.12641242921962678,5
1719,68142,10,0.12680101711395722,5
1720,68142,11,0.12351800243192734,5
1721,68142,12,0.1235735763495324,5
1722,68142,13,0.12744142952968468,5
1723,68142,14,0.13255323001858307,5
1724,68142,15,0.13370680280307495,5
1725,68142,16,0.13443165753815228,5
1726,68142,17,0.13622380461271746,5
1727,68142,18,0.14167005369046565,5
1728,68142,19,0.1475398658265643,5
1729,68142,20,0.15375139658624448,5
1730,68142,21,0.15845416217198327,5
1731,68142,22,0.16121671885738104,5
1732,68142,23,0.16173166068040104,5
1733,68142,24,0.1611652677843683,5
1734,71269,-24,-0.038476382689758636,5
1735,71269,-23,-0.047935862844926194,5
1736,71269,-22,-0.04711218559152144,5
1737,71269,-21,-0.03992364545843756,5
1738,71269,-20,-0.025143716260061667,5
1739,71269,-19,-0.015850647041569486,5
1740,71269,-18,-0.011436484012761029,5
1741,71269,-17,-0.017373835661626202,5
1742,71269,-16,-0.02465800591698475,5
1743,71269,-15,-0.02990125143854385,5
1744,71269,-14,-0.02838446211787158,5
1745,71269,-13,-0.025330942115542498,5
1746,71269,-12,-0.021456190493139717,5
1747,71269,-11,-0.019892438170904823,5
1748,71269,-10,-0.022331054545973218,5
1749,71269,-9,-0.022090706672079463,5
1750,71269,-8,-0.016554887016764396,5
1751,71269,-7,-0.006718647132372979,5
1752,71269,-6,-0.0009596717006964184,5
1753,71269,-5,0.000499485097431318,5
1754,71269,-4,0.0024793132783322847,5
1755,71269,-3,0.0040681067121941085,5
1756,71269,-2,0.003347495857700622,5
1757,71269,-1,2.091260120238303e-05,5
1758,71269,0,0.0,5
1759,71269,1,0.006667592230590813,5
1760,71269,2,0.012859052976197915,5
1761,71269,3,0.015934289220106736,5
1762,71269,4,0.012167465214258755,5
1763,71269,5,0.0029829317160878334,5
1764,71269,6,-0.00643705992763941,5
1765,71269,7,-0.017030010911489767,5
1766,71269,8,-0.02508984685637472,5
1767,71269,9,-0.032106750946985584,5
1768,71269,10,-0.03427630511886193,5
1769,71269,11,-0.031223879021785094,5
1770,71269,12,-0.02707662281600882,5
1771,71269,13,-0.022898052639811796,5
1772,71269,14,-0.018218174665817342,5
1773,71269,15,-0.008601318966070437,5
1774,71269,16,0.00022584296824028626,5
1775,71269,17,0.0023732863444411835,5
1776,71269,18,-0.002860945658699521,5
1777,71269,19,-0.009955336750742916,5
1778,71269,20,-0.012897836612242485,5
1779,74361,-24,-0.06624971523929801,5
1780,74361,-23,-0.06058521367118637,5
1781,74361,-22,-0.060487766721259814,5
1782,74361,-21,-0.0639513593457142,5
1783,74361,-20,-0.06699218664035236,5
1784,74361,-19,-0.06930021438272398,5
1785,74361,-18,-0.07277510593581908,5
1786,74361,-17,-0.07842772622337683,5
1787,74361,-16,-0.08219157151272612,5
1788,74361,-15,-0.07747780733135663,5
1789,74361,-14,-0.06612869561871122,5
1790,74361,-13,-0.052900744721611305,5
1791,74361,-12,-0.04432586076625249,5
1792,74361,-11,-0.04022348226956041,5
1793,74361,-10,-0.038579533994305845,5
1794,74361,-9,-0.035103896106311795,5
1795,74361,-8,-0.030515362715958717,5
1796,74361,-7,-0.026273743280646755,5
1797,74361,-6,-0.025408941397092377,5
1798,74361,-5,-0.026695485099387996,5
1799,74361,-4,-0.02577311246670142,5
1800,74361,-3,-0.02133100675284858,5
1801,74361,-2,-0.013094675868489248,5
1802,74361,-1,-0.0062610271842029165,5
1803,74361,0,0.0,5
1804,74361,1,0.0052659317107000446,5
1805,74361,2,0.01334902176664805,5
1806,74361,3,0.017894561735519333,5
1807,74361,4,0.02253944881288774,5
1808,74361,5,0.026366061899032546,5
1809,74361,6,0.03695484435264085,5
1810,74361,7,0.047225270694793764,5
1811,74361,8,0.05404048615610506,5
1812,74361,9,0.05310803393799475,5
1813,74361,10,0.046640561024412365,5
1814,74361,11,0.03918309980145267,5
1815,74361,12,0.033706282258818374,5
1816,74361,13,0.034137401461083884,5
1817,74361,14,0.037858380287731565,5
1818,74361,15,0.04300569249636901,5
1819,74361,16,0.046031663727769255,5
1820,74361,17,0.04953000167188186,5
1821,74361,18,0.05426457913078657,5
1822,74361,19,0.060071753945435805,5
1823,74361,20,0.06516436657365361,5
1824,74361,21,0.06921489481383532,5
1825,74361,22,0.07168484564225394,5
1826,74361,23,0.07484986970720016,5
1827,74361,24,0.08054527026662725,5
1828,74401,-24,-0.09495327393581902,5
1829,74401,-23,-0.09454099190917198,5
1830,74401,-22,-0.09712193941286137,5
1831,74401,-21,-0.10141554599807065,5
1832,74401,-20,-0.1045113522786167,5
1833,74401,-19,-0.10199522920947217,5
1834,74401,-18,-0.09534362400956127,5
1835,74401,-17,-0.08743132471798169,5
1836,74401,-16,-0.08019182342602171,5
1837,74401,-15,-0.0752960354413009,5
1838,74401,-14,-0.07178567377929461,5
1839,74401,-13,-0.06741826702718896,5
1840,74401,-12,-0.06268160496825956,5
1841,74401,-11,-0.05808558884609951,5
1842,74401,-10,-0.05535932156398431,5
1843,74401,-9,-0.055501897364787924,5
1844,74401,-8,-0.05599452738984425,5
1845,74401,-7,-0.05434839486127032,5
1846,74401,-6,-0.04825712252693428,5
1847,74401,-5,-0.041628058810967164,5
1848,74401,-4,-0.03333386857218059,5
1849,74401,-3,-0.022673630390805145,5
1850,74401,-2,-0.01006256704269859,5
1851,74401,-1,-0.003735068303819489,5
1852,74401,0,0.0,5
1853,74401,1,0.003085438384576733,5
1854,74401,2,0.013820179413406918,5
1855,74401,3,0.023914889203125612,5
1856,74401,4,0.0308821720943925,5
1857,74401,5,0.030378179775046022,5
1858,74401,6,0.02263224101273629,5
1859,74401,7,0.012926695424177837,5
1860,74401,8,0.004414178026707916,5
1861,74401,9,0.002661789321485486,5
1862,74401,10,0.004383705635301283,5
1863,74401,11,0.007295900287082091,5
1864,74401,12,0.010205377319791254,5
1865,74401,13,0.012948253592380254,5
1866,74401,14,0.016220156436143895,5
1867,74401,15,0.020999965532691435,5
1868,74401,16,0.02898842595827027,5
1869,74401,17,0.036800153294984025,5
1870,74401,18,0.042943737609697406,5
1871,74401,19,0.046190108907071446,5
1872,74401,20,0.050286985568204656,5
1873,74401,21,0.054043008561122007,5
1874,75154,-24,-0.2384371414505182,5
1875,75154,-23,-0.2234074390180215,5
1876,75154,-22,-0.20629520277366317,5
1877,75154,-21,-0.18879211560204823,5
1878,75154,-20,-0.17412201356156842,5
1879,75154,-19,-0.16433857606219,5
1880,75154,-18,-0.15796992717138708,5
1881,75154,-17,-0.1507153537003699,5
1882,75154,-16,-0.13967503210655288,5
1883,75154,-15,-0.12596122019925637,5
1884,75154,-14,-0.1052059362539783,5
1885,75154,-13,-0.08083163402897782,5
1886,75154,-12,-0.053251358502913605,5
1887,75154,-11,-0.027736673719966732,5
1888,75154,-10,-0.005823975980031193,5
1889,75154,-9,0.01208106477759543,5
1890,75154,-8,0.0230764879916066,5
1891,75154,-7,0.02653643293557444,5
1892,75154,-6,0.024824202527546645,5
1893,75154,-5,0.021802247356704642,5
1894,75154,-4,0.019163714808944122,5
1895,75154,-3,0.015505285144155324,5
1896,75154,-2,0.009159848379334434,5
1897,75154,-1,0.0032996650960292586,5
1898,75154,0,0.0,5
1899,75154,1,2.296247376172289e-05,5
1900,75154,2,0.0024703527281427994,5
1901,75154,3,0.006014479780336757,5
1902,75154,4,0.010113048609644437,5
1903,75154,5,0.014100240853673184,5
1904,75154,6,0.016754475406292713,5
1905,75154,7,0.01799283303329524,5
1906,75154,8,0.018478926828622733,5
1907,75154,9,0.018601568627396148,5
1908,75154,10,0.01970051656251002,5
1909,75154,11,0.02171479051983418,5
1910,75154,12,0.025773072782827457,5
1911,75154,13,0.029841690088023752,5
1912,75154,14,0.032141386287803185,5
1913,75154,15,0.03181714554331912,5
1914,75154,16,0.030563603911934578,5
1915,75154,17,0.029682793097343917,5
1916,75154,18,0.02984045632913066,5
1917,75154,19,0.029662856433170147,5
1918,75154,20,0.028671613350563518,5
1919,75154,21,0.027001428614558877,5
1920,75154,22,0.025349995938188742,5
1921,75154,23,0.022953532359482408,5
1922,75154,24,0.018277658586218947,5
1923,76065,-24,-0.12389677421746939,5
1924,76065,-23,-0.10910664902296538,5
1925,76065,-22,-0.09424623076498584,5
1926,76065,-21,-0.07597532876737709,5
1927,76065,-20,-0.05669800228283428,5
1928,76065,-19,-0.03623974972524806,5
1929,76065,-18,-0.016510333846233394,5
1930,76065,-17,0.0016947640451881797,5
1931,76065,-16,0.018401406891196716,5
1932,76065,-15,0.02582865527757683,5
1933,76065,-14,0.02560722735247154,5
1934,76065,-13,0.01868236981546829,5
1935,76065,-12,0.012228330639091211,5
1936,76065,-11,0.0059845851044105555,5
1937,76065,-10,0.0008061811876210357,5
1938,76065,-9,-0.003820541517277931,5
1939,76065,-8,-0.006488304944180001,5
1940,76065,-7,-0.006358535470056026,5
1941,76065,-6,-0.004278796034834187,5
1942,76065,-5,-0.0022199467065814106,5
1943,76065,-4,-0.0006878089867917936,5
1944,76065,-3,-0.00033113396509882876,5
1945,76065,-2,0.00037171004227332105,5
1946,76065,-1,0.0002527228938294712,5
1947,76065,0,0.0,5
1948,76065,1,-0.0008496614491924958,5
1949,76065,2,-0.002819265237972246,5
1950,76065,3,-0.002043062751976521,5
1951,76065,4,0.0020078802012289286,5
1952,76065,5,0.008850556515952235,5
1953,76065,6,0.01310735642002996,5
1954,76065,7,0.013010841433757036,5
1955,76065,8,0.01012332608701989,5
1956,76065,9,0.00634265365405291,5
1957,76065,10,0.004605893311290288,5
1958,76065,11,0.005102854706828808,5
1959,76065,12,0.007543827078760401,5
1960,76065,13,0.010961491839186266,5
1961,76065,14,0.014037045823362604,5
1962,76065,15,0.017799042306605273,5
1963,76065,16,0.020576301634270065,5
1964,76065,17,0.021052753589305695,5
1965,76065,18,0.017933031417831202,5
1966,76065,19,0.012706976914531865,5
1967,76065,20,0.007263389768410633,5
1968,76065,21,0.0026205853953349843,5
1969,76065,22,-0.0004996654338945916,5
1970,76065,23,-0.0014318379776597113,5
1971,76065,24,-0.0009025287157712114,5
1972,76207,-24,0.043788271352202555,5
1973,76207,-23,0.03789913168879657,5
1974,76207,-22,0.03207371640914438,5
1975,76207,-21,0.02444824611964158,5
1976,76207,-20,0.01734522572618431,5
1977,76207,-19,0.011549273495707623,5
1978,76207,-18,0.00862037283132544,5
1979,76207,-17,0.007884011460573959,5
1980,76207,-16,0.008833640662525611,5
1981,76207,-15,0.01073751192061323,5
1982,76207,-14,0.012499212690404705,5
1983,76207,-13,0.012782573388946616,5
1984,76207,-12,0.012225092520589342,5
1985,76207,-11,0.010632284487316568,5
1986,76207,-10,0.008619588836911518,5
1987,76207,-9,0.006920620138481937,5
1988,76207,-8,0.006562981141370372,5
1989,76207,-7,0.007730218788837817,5
1990,76207,-6,0.008309039915762284,5
1991,76207,-5,0.007075099455778044,5
1992,76207,-4,0.004566450082725737,5
1993,76207,-3,0.002205109987015419,5
1994,76207,-2,0.0010814658136212075,5
1995,76207,-1,0.0007836253625995937,5
1996,76207,0,0.0,5
1997,76207,1,-0.0015655373899644332,5
1998,76207,2,-0.0037667845775072096,5
1999,76207,3,-0.005581997915118464,5
2000,76207,4,-0.007973287912128414,5
2001,76207,5,-0.012050553283025067,5
2002,76207,6,-0.018313937668249736,5
2003,76207,7,-0.025736236280124204,5
2004,76207,8,-0.03297848885065768,5
2005,76207,9,-0.0392188787135634,5
2006,76207,10,-0.04424854089084427,5
2007,76207,11,-0.04724428120282838,5
2008,76207,12,-0.049083244434013906,5
2009,76207,13,-0.05003847933030592,5
2010,76207,14,-0.051097389499747334,5
2011,76207,15,-0.05269548420873882,5
2012,76207,16,-0.05465375255081639,5
2013,76207,17,-0.057624215277342475,5
2014,76207,18,-0.06143182418683964,5
2015,76207,19,-0.06609240556359594,5
2016,76207,20,-0.07040361335063601,5
2017,76207,21,-0.07285295732099861,5
2018,76504,-24,-0.35398577449402674,5
2019,76504,-23,-0.34768692808177626,5
2020,76504,-22,-0.34280581071561295,5
2021,76504,-21,-0.3378000223798036,5
2022,76504,-20,-0.33045130486116464,5
2023,76504,-19,-0.3201886427606947,5
2024,76504,-18,-0.3064741677624479,5
2025,76504,-17,-0.29165394275062867,5
2026,76504,-16,-0.2757020930495905,5
2027,76504,-15,-0.2610300791905352,5
2028,76504,-14,-0.24661711409739057,5
2029,76504,-13,-0.23308005945489008,5
2030,76504,-12,-0.2177579789148485,5
2031,76504,-11,-0.20142717449657788,5
2032,76504,-10,-0.18135834583564261,5
2033,76504,-9,-0.15965845075258828,5
2034,76504,-8,-0.13867400863848048,5
2035,76504,-7,-0.12091384797894307,5
2036,76504,-6,-0.10582562395149112,5
2037,76504,-5,-0.09054447249010807,5
2038,76504,-4,-0.07443017223096823,5
2039,76504,-3,-0.05850600976562177,5
2040,76504,-2,-0.040678254040286174,5
2041,76504,-1,-0.021051269326862965,5
2042,76504,0,0.0,5
2043,76504,1,0.02112860973422599,5
2044,76504,2,0.04036251705514395,5
2045,76504,3,0.05891381383137393,5
2046,76504,4,0.07276448824904307,5
2047,76504,5,0.08136902950651255,5
2048,76504,6,0.08515775642974184,5
2049,76504,7,0.08755714409706776,5
2050,76504,8,0.08846490718559856,5
2051,76504,9,0.0868822864304164,5
2052,76504,10,0.08284312473018929,5
2053,76504,11,0.07931575994688486,5
2054,76504,12,0.07675816471665478,5
2055,76504,13,0.07657013093270493,5
2056,76504,14,0.0773877649703433,5
2057,76504,15,0.07933463521864467,5
2058,76504,16,0.07850005966748519,5
2059,76504,17,0.07667867090822611,5
2060,76504,18,0.07290477527923792,5
2061,76504,19,0.06989553745818818,5
2062,76504,20,0.06630936853262384,5
2063,76504,21,0.0631079349896833,5
2064,76504,22,0.062231303398411694,5
2065,76504,23,0.06400530973451808,5
2066,76504,24,0.06837313238565237,5
2067,78245,-24,-0.11042144237170212,5
2068,78245,-23,-0.10622010366914551,5
2069,78245,-22,-0.1009245167046064,5
2070,78245,-21,-0.0954465193134908,5
2071,78245,-20,-0.08938327449062804,5
2072,78245,-19,-0.08366007350602409,5
2073,78245,-18,-0.07822850029504842,5
2074,78245,-17,-0.07273767706454812,5
2075,78245,-16,-0.06820581518250605,5
2076,78245,-15,-0.063881190744938,5
2077,78245,-14,-0.06097799618333042,5
2078,78245,-13,-0.0568771907877327,5
2079,78245,-12,-0.051899348596110784,5
2080,78245,-11,-0.045063292711597924,5
2081,78245,-10,-0.03908349330743732,5
2082,78245,-9,-0.03482397987909138,5
2083,78245,-8,-0.030977884166907544,5
2084,78245,-7,-0.02706810716303565,5
2085,78245,-6,-0.022002927305042164,5
2086,78245,-5,-0.018130095890809984,5
2087,78245,-4,-0.013861244282009721,5
2088,78245,-3,-0.010279848090290145,5
2089,78245,-2,-0.006669918630576177,5
2090,78245,-1,-0.0035169656171994746,5
2091,78245,0,0.0,5
2092,78245,1,0.0039422526031323455,5
2093,78245,2,0.007949647651582481,5
2094,78245,3,0.011704094907116413,5
2095,78245,4,0.015273515765758462,5
2096,78245,5,0.0186388134315564,5
2097,78245,6,0.021967129251510186,5
2098,78245,7,0.025358402444134853,5
2099,78245,8,0.02801330957555841,5
2100,78245,9,0.030971355143361735,5
2101,78245,10,0.03428146183625138,5
2102,78245,11,0.03898651890077502,5
2103,78245,12,0.04460133152063861,5
2104,78245,13,0.05054100739652334,5
2105,78245,14,0.056016868134894794,5
2106,78245,15,0.06083620904846541,5
2107,78245,16,0.06514024792517148,5
2108,78245,17,0.06858024117722686,5
2109,78245,18,0.07054590037563954,5
2110,78245,19,0.07240752655979925,5
2111,78245,20,0.07631013042948354,5
2112,78245,21,0.08256954203620381,5
2113,78245,22,0.09175761282732715,5
2114,78245,23,0.10225630089574408,5
2115,78245,24,0.11432324797334417,5
2116,78251,-24,-0.2560446783857081,5
2117,78251,-23,-0.24987458736808393,5
2118,78251,-22,-0.2437785880718689,5
2119,78251,-21,-0.23943748451657676,5
2120,78251,-20,-0.2356111146799016,5
2121,78251,-19,-0.23162614434787834,5
2122,78251,-18,-0.22498307563509207,5
2123,78251,-17,-0.2155766055298745,5
2124,78251,-16,-0.20303397301590848,5
2125,78251,-15,-0.18969887260351898,5
2126,78251,-14,-0.17652419179169315,5
2127,78251,-13,-0.16428540788182106,5
2128,78251,-12,-0.15257345934239055,5
2129,78251,-11,-0.13923295602731472,5
2130,78251,-10,-0.12427919694341191,5
2131,78251,-9,-0.10888625128859246,5
2132,78251,-8,-0.09387456968661922,5
2133,78251,-7,-0.07819629515797147,5
2134,78251,-6,-0.0634305889160128,5
2135,78251,-5,-0.05224182710689647,5
2136,78251,-4,-0.045277877847244595,5
2137,78251,-3,-0.03852245111834414,5
2138,78251,-2,-0.02721870461657012,5
2139,78251,-1,-0.01484168654516047,5
2140,78251,0,0.0,5
2141,78251,1,0.014511181374441406,5
2142,78251,2,0.03165699433514284,5
2143,78251,3,0.05001198340346136,5
2144,78251,4,0.06626030999291252,5
2145,78251,5,0.07990330240098871,5
2146,78251,6,0.0864191844437947,5
2147,78251,7,0.08728045073012254,5
2148,78251,8,0.08168308168722938,5
2149,78251,9,0.07457158283060324,5
2150,78251,10,0.06738865912699374,5
2151,78251,11,0.06140662273566235,5
2152,78251,12,0.053316961818664764,5
2153,78251,13,0.043873165068947985,5
2154,78251,14,0.03544356035416492,5
2155,78251,15,0.032635283511479686,5
2156,78251,16,0.03404684882095203,5
2157,78251,17,0.03770152109052631,5
2158,78251,18,0.03882781404244966,5
2159,78251,19,0.0395370638952592,5
2160,78251,20,0.037407502974078355,5
2161,78251,21,0.03370176894147718,5
2162,78251,22,0.026022506885317043,5
2163,78251,23,0.017166299438783027,5
2164,78251,24,0.00980644192448885,5
2165,79019,-24,-0.05289551926120737,5
2166,79019,-23,-0.04727029765475734,5
2167,79019,-22,-0.040611834469276076,5
2168,79019,-21,-0.03519339824644625,5
2169,79019,-20,-0.03001948338642535,5
2170,79019,-19,-0.026968026282989045,5
2171,79019,-18,-0.02585165107429006,5
2172,79019,-17,-0.026250261262272544,5
2173,79019,-16,-0.02543168072816293,5
2174,79019,-15,-0.022504202978968733,5
2175,79019,-14,-0.01758315549344367,5
2176,79019,-13,-0.010965073653636992,5
2177,79019,-12,-0.004140895855492132,5
2178,79019,-11,-0.0005083127880428862,5
2179,79019,-10,-2.4002931959898886e-05,5
2180,79019,-9,-0.002386196685073827,5
2181,79019,-8,-0.0037371427551136094,5
2182,79019,-7,-0.0038304830415569315,5
2183,79019,-6,-0.0029091994445838766,5
2184,79019,-5,-0.0021502687924783714,5
2185,79019,-4,-0.0002295191029777044,5
2186,79019,-3,0.0011251850374492279,5
2187,79019,-2,0.002547495578905412,5
2188,79019,-1,0.0013088220035417208,5
2189,79019,0,0.0,5
2190,79019,1,-0.0013877606468842175,5
2191,79019,2,-0.0007659096069144056,5
2192,79019,3,0.0006935536236159834,5
2193,79019,4,0.002463511426990905,5
2194,79019,5,0.003651951523106334,5
2195,79019,6,0.00542374980278062,5
2196,79019,7,0.008996898287564647,5
2197,79019,8,0.013979263187083646,5
2198,79019,9,0.019173063178505957,5
2199,79019,10,0.022720683200280332,5
2200,79019,11,0.025138470419178206,5
2201,79019,12,0.02609855668596204,5
2202,79019,13,0.027666863746831537,5
2203,79019,14,0.03003102409171312,5
2204,79019,15,0.03374376617630688,5
2205,79601,-24,-0.06309458647762015,5
2206,79601,-23,-0.055327023878340854,5
2207,79601,-22,-0.0451595733961355,5
2208,79601,-21,-0.03729914206593641,5
2209,79601,-20,-0.03441002509440061,5
2210,79601,-19,-0.03839939934820791,5
2211,79601,-18,-0.04182558704775161,5
2212,79601,-17,-0.04311899809198074,5
2213,79601,-16,-0.041211259200365905,5
2214,79601,-15,-0.03617760195006596,5
2215,79601,-14,-0.03140845857767829,5
2216,79601,-13,-0.024841903682773038,5
2217,79601,-12,-0.017683093937424843,5
2218,79601,-11,-0.008245321616734812,5
2219,79601,-10,-0.0008591894075006933,5
2220,79601,-9,0.0021835074001014475,5
2221,79601,-8,0.0021707433684767354,5
2222,79601,-7,-0.0006862987503641449,5
2223,79601,-6,-0.004191245151598721,5
2224,79601,-5,-0.009384452368879437,5
2225,79601,-4,-0.01330823204901641,5
2226,79601,-3,-0.015978155113392845,5
2227,79601,-2,-0.0136396408019813,5
2228,79601,-1,-0.007650756529183056,5
2229,79601,0,0.0,5
2230,79601,1,0.0037781664087745527,5
2231,79601,2,0.0050623031338890455,5
2232,79601,3,0.003686534831084387,5
2233,79601,4,0.0042554714787140565,5
2234,79601,5,0.005924806339832856,5
2235,79601,6,0.0087855953789294,5
2236,79601,7,0.009326775579653912,5
2237,79601,8,0.007848760332415595,5
2238,79601,9,0.00432760384084716,5
2239,79601,10,0.0023573239338659847,5
2240,79601,11,-0.0010542018501809025,5
2241,79601,12,-0.005985589005630487,5
2242,79601,13,-0.011558270752039235,5
2243,79601,14,-0.01519659799401758,5
2244,79601,15,-0.01611824446400547,5
2245,79601,16,-0.017374911494746924,5
2246,79601,17,-0.01826403488532442,5
2247,79601,18,-0.018335646331030374,5
2248,79601,19,-0.015870001114928554,5
2249,79601,20,-0.010277495021905026,5
2250,79601,21,-0.0010785538041698573,5
2251,79601,22,0.011269534481175469,5
2252,79601,23,0.021596173353270486,5
2253,79601,24,0.029926324571917462,5
2254,82007,-24,-0.024465453332241437,5
2255,82007,-23,-0.012760616940684599,5
2256,82007,-22,-0.0012935570368533434,5
2257,82007,-21,0.005084063660180859,5
2258,82007,-20,0.004086203442596315,5
2259,82007,-19,-0.004228050133031758,5
2260,82007,-18,-0.010951581799832865,5
2261,82007,-17,-0.01479767743981597,5
2262,82007,-16,-0.017959458119205608,5
2263,82007,-15,-0.023901666581570426,5
2264,82007,-14,-0.030772306671270754,5
2265,82007,-13,-0.034137311687169006,5
2266,82007,-12,-0.03200552104476415,5
2267,82007,-11,-0.026190675773901616,5
2268,82007,-10,-0.018886775703096603,5
2269,82007,-9,-0.013560115910782855,5
2270,82007,-8,-0.008362672992873499,5
2271,82007,-7,-0.0047472035300302196,5
2272,82007,-6,0.0002642589788223404,5
2273,82007,-5,0.002265675661384847,5
2274,82007,-4,0.0005366596364712705,5
2275,82007,-3,-0.0035639590571399536,5
2276,82007,-2,-0.00592371520382855,5
2277,82007,-1,-0.0037784565049729935,5
2278,82007,0,0.0,5
2279,82007,1,0.00343932623954899,5
2280,82007,2,0.005228946513280874,5
2281,82007,3,0.005785797652668734,5
2282,82007,4,0.008691277652274464,5
2283,82007,5,0.013442550673493158,5
2284,82007,6,0.01961074209975102,5
2285,82007,7,0.026406105672446854,5
2286,82007,8,0.033904874494574244,5
2287,82007,9,0.041282987733367804,5
2288,82007,10,0.047058336203942376,5
2289,82007,11,0.0489909971298367,5
2290,82007,12,0.04843225594200042,5
2291,82007,13,0.0462220944499272,5
2292,82007,14,0.044565003477968546,5
2293,82007,15,0.04341131149370625,5
2294,82007,16,0.042535347161836864,5
2295,82007,17,0.0444909282193791,5
2296,82007,18,0.05049233001540578,5
2297,82007,19,0.05981432120051551,5
2298,82007,20,0.06824065355974299,5
2299,82007,21,0.07509149355961356,5
2300,82007,22,0.08151577893497297,5
2301,82007,23,0.08826556466262687,5
2302,82007,24,0.09241976420189282,5
2303,83634,-24,-0.4271443605368049,5
2304,83634,-23,-0.4037358224834954,5
2305,83634,-22,-0.374929597882641,5
2306,83634,-21,-0.3438599340989835,5
2307,83634,-20,-0.3117464938585055,5
2308,83634,-19,-0.2769102562112959,5
2309,83634,-18,-0.23781133518760528,5
2310,83634,-17,-0.19629378791573976,5
2311,83634,-16,-0.15616812188267487,5
2312,83634,-15,-0.12142778654327699,5
2313,83634,-14,-0.09440545041474593,5
2314,83634,-13,-0.07586830368413225,5
2315,83634,-12,-0.06452617275987862,5
2316,83634,-11,-0.056500627084752605,5
2317,83634,-10,-0.04981707383192422,5
2318,83634,-9,-0.0428741702049237,5
2319,83634,-8,-0.03336741602653355,5
2320,83634,-7,-0.020785061492735225,5
2321,83634,-6,-0.005565820155614176,5
2322,83634,-5,0.0109852882838954,5
2323,83634,-4,0.023693531829806956,5
2324,83634,-3,0.03108845717053228,5
2325,83634,-2,0.028117796612645306,5
2326,83634,-1,0.017557133464944384,5
2327,83634,0,0.0,5
2328,83634,1,-0.01820826754714062,5
2329,83634,2,-0.03669453436724339,5
2330,83634,3,-0.05363856107601315,5
2331,83634,4,-0.06871226230156005,5
2332,83634,5,-0.0806172586197718,5
2333,83634,6,-0.08887876050966917,5
2334,83634,7,-0.09285830937032032,5
2335,83634,8,-0.09359300765505978,5
2336,83634,9,-0.09122032631156643,5
2337,83634,10,-0.08862054185060017,5
2338,83634,11,-0.08455661097976766,5
2339,83634,12,-0.08088385390370405,5
2340,83634,13,-0.07569295792022465,5
2341,83634,14,-0.07321868729438882,5
2342,83634,15,-0.07297013378259046,5
2343,83634,16,-0.07536839914661364,5
2344,83634,17,-0.07506637129943919,5
2345,83634,18,-0.07166747281395765,5
2346,83634,19,-0.06733277088113673,5
2347,83634,20,-0.0649019584226604,5
2348,83634,21,-0.0645963786825881,5
2349,83634,22,-0.06386341774523885,5
2350,83634,23,-0.06241844558147882,5
2351,83634,24,-0.06062163740607183,5
2352,84005,-24,-0.045636792941256485,5
2353,84005,-23,-0.036494009096239566,5
2354,84005,-22,-0.028463258429049888,5
2355,84005,-21,-0.019902528002128505,5
2356,84005,-20,-0.006876548354405187,5
2357,84005,-19,0.01152921180223423,5
2358,84005,-18,0.034118125204166815,5
2359,84005,-17,0.05575146541584779,5
2360,84005,-16,0.07322110687143066,5
2361,84005,-15,0.08348667545233646,5
2362,84005,-14,0.08423962362890336,5
2363,84005,-13,0.07565801873547322,5
2364,84005,-12,0.061660693317611856,5
2365,84005,-11,0.04713065128078568,5
2366,84005,-10,0.03395517926529586,5
2367,84005,-9,0.02284743004870471,5
2368,84005,-8,0.014173610510756874,5
2369,84005,-7,0.007495053416384323,5
2370,84005,-6,0.0018441265338260849,5
2371,84005,-5,-0.0029201037919211357,5
2372,84005,-4,-0.005245485684608297,5
2373,84005,-3,-0.004553282465619546,5
2374,84005,-2,-0.003004994898527613,5
2375,84005,-1,-0.0010433300938942126,5
2376,84005,0,0.0,5
2377,84005,1,0.0023782117361488275,5
2378,84005,2,0.0044870755037901945,5
2379,84005,3,0.005680911465004002,5
2380,84005,4,0.005705492654888289,5
2381,84005,5,0.006382464470514648,5
2382,84005,6,0.009283948237535,5
2383,84005,7,0.012362145422637739,5
2384,84005,8,0.014011808321421881,5
2385,84005,9,0.012734114341069613,5
2386,84005,10,0.010153426226593964,5
2387,84005,11,0.00824996755984877,5
2388,84005,12,0.00894336947879637,5
2389,84005,13,0.012215203064845071,5
2390,84005,14,0.017403169939013807,5
2391,84005,15,0.022501148921013226,5
2392,84005,16,0.027185168069268073,5
2393,84005,17,0.029604514769119204,5
2394,84005,18,0.03005214670932972,5
2395,84005,19,0.02931931111324957,5
2396,84005,20,0.02789223988877474,5
2397,84005,21,0.02703546976382789,5
2398,84005,22,0.02699195249292714,5
2399,84005,23,0.0288586836038629,5
2400,84005,24,0.03311479059195364,5
2401,84013,-24,-0.057426350827673646,5
2402,84013,-23,-0.048543986572798306,5
2403,84013,-22,-0.04068206886950385,5
2404,84013,-21,-0.03176696381458832,5
2405,84013,-20,-0.01744082350540239,5
2406,84013,-19,0.0022526728731754988,5
2407,84013,-18,0.026757077921962136,5
2408,84013,-17,0.05045444508517605,5
2409,84013,-16,0.06963495208324381,5
2410,84013,-15,0.08045414385823904,5
2411,84013,-14,0.08022344318394622,5
2412,84013,-13,0.07010145968489034,5
2413,84013,-12,0.054922174081484344,5
2414,84013,-11,0.04103011587556153,5
2415,84013,-10,0.029495278683305058,5
2416,84013,-9,0.02019519401355794,5
2417,84013,-8,0.011874377642853063,5
2418,84013,-7,0.005506070760489123,5
2419,84013,-6,-0.0002589654093146265,5
2420,84013,-5,-0.004970003184724803,5
2421,84013,-4,-0.007866410733711148,5
2422,84013,-3,-0.0072724172398103805,5
2423,84013,-2,-0.004949488748522768,5
2424,84013,-1,-0.001859498324871467,5
2425,84013,0,0.0,5
2426,84013,1,0.0016598587998522874,5
2427,84013,2,0.003051589009524136,5
2428,84013,3,0.003984281387271693,5
2429,84013,4,0.004979307967209934,5
2430,84013,5,0.006593564616462188,5
2431,84013,6,0.009757815536215731,5
2432,84013,7,0.0127060059536106,5
2433,84013,8,0.013858963355949782,5
2434,84013,9,0.012767364366591493,5
2435,84013,10,0.010652192061743193,5
2436,84013,11,0.009459094753109909,5
2437,84013,12,0.010390819384678451,5
2438,84013,13,0.013952572121825213,5
2439,84013,14,0.01918179247045799,5
2440,84013,15,0.024543212211293408,5
2441,84013,16,0.029090561217161692,5
2442,84013,17,0.03124900966844919,5
2443,84013,18,0.031132943611969922,5
2444,84013,19,0.0301314486635448,5
2445,84013,20,0.02872915687862019,5
2446,84013,21,0.02816838705709799,5
2447,84013,22,0.0286618552820709,5
2448,84013,23,0.03165946656028353,5
2449,84013,24,0.03700424406691205,5
2450,85338,-24,-0.27893539644681586,5
2451,85338,-23,-0.2757582604065828,5
2452,85338,-22,-0.273063305489644,5
2453,85338,-21,-0.2691350103431002,5
2454,85338,-20,-0.26398246403744813,5
2455,85338,-19,-0.2572963541225725,5
2456,85338,-18,-0.24969782727422646,5
2457,85338,-17,-0.24217825763347883,5
2458,85338,-16,-0.23215975735754918,5
2459,85338,-15,-0.21966466373612975,5
2460,85338,-14,-0.20491009329310045,5
2461,85338,-13,-0.19179971821919536,5
2462,85338,-12,-0.18352004408660072,5
2463,85338,-11,-0.1791183037688338,5
2464,85338,-10,-0.1749407836278362,5
2465,85338,-9,-0.16688077332560952,5
2466,85338,-8,-0.15262367632727952,5
2467,85338,-7,-0.1360344884958554,5
2468,85338,-6,-0.11830135682045154,5
2469,85338,-5,-0.10175617881713386,5
2470,85338,-4,-0.08579905199651883,5
2471,85338,-3,-0.06876272697187283,5
2472,85338,-2,-0.04866095259676371,5
2473,85338,-1,-0.025839741503859058,5
2474,85338,0,0.0,5
2475,85338,1,0.026875362180883756,5
2476,85338,2,0.051801800425067414,5
2477,85338,3,0.07195789370405876,5
2478,85338,4,0.08772723836221381,5
2479,85338,5,0.10190597746144192,5
2480,85338,6,0.11624089321501678,5
2481,85338,7,0.1297166919100139,5
2482,85338,8,0.14466070083328297,5
2483,85338,9,0.1623023666799984,5
2484,85338,10,0.1843685066891691,5
2485,85338,11,0.20833010453508152,5
2486,85338,12,0.2312460075907289,5
2487,85338,13,0.24925648328275046,5
2488,85338,14,0.2577420335138278,5
2489,85338,15,0.2542444966066295,5
2490,85338,16,0.2409541898792206,5
2491,85338,17,0.22433808819605935,5
2492,85338,18,0.20685515459152876,5
2493,85338,19,0.1895381834252273,5
2494,85338,20,0.17264341718600526,5
2495,85338,21,0.15979604232766179,5
2496,85338,22,0.15328175825665974,5
2497,85338,23,0.15179347625458844,5
2498,85338,24,0.15406306529523733,5
2499,87031,-24,-0.06534947650716383,5
2500,87031,-23,-0.05792518042993287,5
2501,87031,-22,-0.05739235369707636,5
2502,87031,-21,-0.06268091267117767,5
2503,87031,-20,-0.06790420673733451,5
2504,87031,-19,-0.07117545915484377,5
2505,87031,-18,-0.07278855976648302,5
2506,87031,-17,-0.07469377625093472,5
2507,87031,-16,-0.07484238623311334,5
2508,87031,-15,-0.07088518482244907,5
2509,87031,-14,-0.06306536489228272,5
2510,87031,-13,-0.05379197996983258,5
2511,87031,-12,-0.045980383718176296,5
2512,87031,-11,-0.03903039019361678,5
2513,87031,-10,-0.03300944129618912,5
2514,87031,-9,-0.028042566776515086,5
2515,87031,-8,-0.02424996116050373,5
2516,87031,-7,-0.021075127473622148,5
2517,87031,-6,-0.02029302940833837,5
2518,87031,-5,-0.01946610988626425,5
2519,87031,-4,-0.018248569217304576,5
2520,87031,-3,-0.012584645963639928,5
2521,87031,-2,-0.006005401795571785,5
2522,87031,-1,-0.0010088978209974897,5
2523,87031,0,0.0,5
2524,87031,1,-0.0011201489304173862,5
2525,87031,2,-0.001173186803520565,5
2526,87031,3,0.0006046430092801813,5
2527,87031,4,0.0037988666918938206,5
2528,87031,5,0.007418438739706446,5
2529,87031,6,0.01207831704276785,5
2530,87031,7,0.017266662799178788,5
2531,87031,8,0.02142733941544961,5
2532,87031,9,0.023761028848403497,5
2533,87031,10,0.02501528450210948,5
2534,87031,11,0.02691825190465984,5
2535,87031,12,0.027744301607719634,5
2536,87031,13,0.027877376829962587,5
2537,87031,14,0.027534901861877258,5
2538,87031,15,0.0280439099557249,5
2539,87031,16,0.028740835308182965,5
2540,87031,17,0.029316416582692996,5
2541,87031,18,0.030337186568896612,5
2542,87031,19,0.03233999022493563,5
2543,87031,20,0.03481400238813812,5
2544,87031,21,0.03748258181988895,5
2545,87031,22,0.03895526373458651,5
2546,87031,23,0.03990736301828619,5
2547,87031,24,0.04007721208513004,5
2548,97058,-24,-0.14336274651660474,5
2549,97058,-23,-0.12204355228051966,5
2550,97058,-22,-0.10354333820659392,5
2551,97058,-21,-0.08969685791590613,5
2552,97058,-20,-0.08148403018394568,5
2553,97058,-19,-0.07559977988325173,5
2554,97058,-18,-0.06835368561459206,5
2555,97058,-17,-0.05903536483821696,5
2556,97058,-16,-0.04962390178103497,5
2557,97058,-15,-0.036005147641701284,5
2558,97058,-14,-0.019345623355344087,5
2559,97058,-13,-0.0019003488346086782,5
2560,97058,-12,0.0147613840183471,5
2561,97058,-11,0.028144816724590526,5
2562,97058,-10,0.038660466877266944,5
2563,97058,-9,0.04105409449275719,5
2564,97058,-8,0.039497401204608096,5
2565,97058,-7,0.03402200169539071,5
2566,97058,-6,0.028831559856740085,5
2567,97058,-5,0.021760503235614338,5
2568,97058,-4,0.014539604684196305,5
2569,97058,-3,0.005568502486925553,5
2570,97058,-2,-0.001153835449122198,5
2571,97058,-1,-0.0035473293563512698,5
2572,97058,0,0.0,5
2573,97058,1,0.005505151907706463,5
2574,97058,2,0.010959970148475762,5
2575,97058,3,0.014620704613302494,5
2576,97058,4,0.016359141898125172,5
2577,97058,5,0.016153701369856676,5
2578,97058,6,0.015413857874202108,5
2579,97058,7,0.013361894657996132,5
2580,97058,8,0.010563419841164646,5
2581,97058,9,0.004314650484976923,5
2582,97058,10,-3.610122014165995e-05,5
2583,97058,11,-0.001709575548970932,5
2584,97058,12,0.0030996261935765544,5
2585,97058,13,0.009046082475594375,5
2586,97058,14,0.014428218478054334,5
2587,97058,15,0.017752507739845668,5
2588,97058,16,0.020389441459155933,5
2589,97058,17,0.02270038970800705,5
2590,97058,18,0.02599544277367265,5
2591,97058,19,0.027948200132975387,5
2592,97058,20,0.03146963940609382,5
2593,97058,21,0.03188882832513471,5
2594,97058,22,0.03278907035252594,5
2595,97058,23,0.030625725524419067,5
2596,97058,24,0.029314079384499793,5
2597,97124,-24,-0.14549760476410184,5
2598,97124,-23,-0.143227515421637,5
2599,97124,-22,-0.14363494741355004,5
2600,97124,-21,-0.14510944361283434,5
2601,97124,-20,-0.14771476481169438,5
2602,97124,-19,-0.149824430634305,5
2603,97124,-18,-0.15070429215560638,5
2604,97124,-17,-0.1491444663313768,5
2605,97124,-16,-0.14512623180721357,5
2606,97124,-15,-0.1393829053093949,5
2607,97124,-14,-0.13171532749285114,5
2608,97124,-13,-0.12423228494858699,5
2609,97124,-12,-0.11691501854682684,5
2610,97124,-11,-0.11140340507557092,5
2611,97124,-10,-0.10997573132601772,5
2612,97124,-9,-0.11193735830492138,5
2613,97124,-8,-0.11363694602927125,5
2614,97124,-7,-0.10940798369177855,5
2615,97124,-6,-0.09854714969792511,5
2616,97124,-5,-0.0830319447818038,5
2617,97124,-4,-0.0652543745870183,5
2618,97124,-3,-0.04762426971080025,5
2619,97124,-2,-0.03254282870016532,5
2620,97124,-1,-0.01708859942656211,5
2621,97124,0,0.0,5
2622,97124,1,0.01805295601267041,5
2623,97124,2,0.03520260102689186,5
2624,97124,3,0.04874966459065853,5
2625,97124,4,0.058861381035926995,5
2626,97124,5,0.06436019922710975,5
2627,97124,6,0.06764065906551124,5
2628,97124,7,0.07143739765008413,5
2629,97124,8,0.07695967442190507,5
2630,97124,9,0.08410461723358224,5
2631,97124,10,0.09487516235411028,5
2632,97124,11,0.1096248298352677,5
2633,97124,12,0.1285437995346296,5
2634,97124,13,0.14748777275317942,5
2635,97124,14,0.1636338852059076,5
2636,97124,15,0.17214564121311682,5
2637,97124,16,0.16922063921729275,5
2638,97124,17,0.15638733520452916,5
2639,97124,18,0.13967955284026878,5
2640,97124,19,0.12825363729327535,5
2641,97124,20,0.12069289391942348,5
2642,97124,21,0.11450200762535409,5
2643,97124,22,0.1052532620842328,5
2644,97124,23,0.09644432311948385,5
2645,97124,24,0.09108237926494134,5
