TreatedZip,EventTime,RelLogValue,ControlCount
08361,-24,-0.05204996210140855,5
08361,-23,-0.03972849870449195,5
08361,-22,-0.02880018143823726,5
08361,-21,-0.020084422352205776,5
08361,-20,-0.011345311182600426,5
08361,-19,-0.004108177975853522,5
08361,-18,0.000535381158129411,5
08361,-17,0.0025133508165861686,5
08361,-16,0.003620850772243145,5
08361,-15,0.0030080695705560602,5
08361,-14,0.0005894728450197562,5
08361,-13,-0.0012913081725695718,5
08361,-12,-0.0029336273477618136,5
08361,-11,-0.003052361500214218,5
08361,-10,-0.003313792458698117,5
08361,-9,-0.002794700615061174,5
08361,-8,-0.001562198225294864,5
08361,-7,-0.00021897883526733608,5
08361,-6,0.0008369569099926366,5
08361,-5,-0.000872897566031483,5
08361,-4,-0.0031588126743557154,5
08361,-3,-0.004062186951663804,5
08361,-2,-0.003922076677345743,5
08361,-1,-0.0016762498751429432,5
08361,0,0.0,5
08361,1,0.002230595291370108,5
08361,2,0.0026790141780853815,5
08361,3,0.0016502945734437446,5
08361,4,-2.2074360192192444e-05,5
14012,-24,-0.07062328261110906,5
14012,-23,-0.06629838672281778,5
14012,-22,-0.06357868805902847,5
14012,-21,-0.0630457165837818,5
14012,-20,-0.0635759716180889,5
14012,-19,-0.0631610566513821,5
14012,-18,-0.05889782102504988,5
14012,-17,-0.050238386199601234,5
14012,-16,-0.03777225338479902,5
14012,-15,-0.025490466365845066,5
14012,-14,-0.01567263474387879,5
14012,-13,-0.010143344865725368,5
14012,-12,-0.007450445603150513,5
14012,-11,-0.006129697131190781,5
14012,-10,-0.007370113968744718,5
14012,-9,-0.006724815290176878,5
14012,-8,-0.00963161676192783,5
14012,-7,-0.011205002703137268,5
14012,-6,-0.016075561282941565,5
14012,-5,-0.01801788724650457,5
14012,-4,-0.019346007626663563,5
14012,-3,-0.017351681767892303,5
14012,-2,-0.011055284091086647,5
14012,-1,-0.004791105596299516,5
14012,0,0.0,5
14012,1,0.001221221578608933,5
14012,2,0.003310241642490297,5
14012,3,0.007010781988363491,5
14012,4,0.01272618045151681,5
14012,5,0.019624437927414105,5
14012,6,0.0273642841032391,5
14012,7,0.03520345889878627,5
14012,8,0.042638792607427686,5
14012,9,0.050124570229793976,5
14012,10,0.05570271629780201,5
18603,-24,-0.030077192657054396,5
18603,-23,-0.03437892463416965,5
18603,-22,-0.03862856870228874,5
18603,-21,-0.04082858672267449,5
18603,-20,-0.04029537272474286,5
18603,-19,-0.037224909065227504,5
18603,-18,-0.03274383127961933,5
18603,-17,-0.027961541808466706,5
18603,-16,-0.022077912805730193,5
18603,-15,-0.019983177478778556,5
18603,-14,-0.02086052041981219,5
18603,-13,-0.024735635833366486,5
18603,-12,-0.027040517936279686,5
18603,-11,-0.028890871023747877,5
18603,-10,-0.027887995169186296,5
18603,-9,-0.028602854320890714,5
18603,-8,-0.02748686823493216,5
18603,-7,-0.025456682213055616,5
18603,-6,-0.02029269521235122,5
18603,-5,-0.015205068753662943,5
18603,-4,-0.012019460098319001,5
18603,-3,-0.008823151766828019,5
18603,-2,-0.006390852900426935,5
18603,-1,-0.0029964597857059516,5
18603,0,0.0,5
18603,1,0.003004514414670112,5
18603,2,0.006655083310096543,5
18603,3,0.012354301290788072,5
18603,4,0.020881044483024525,5
18603,5,0.028458268382432195,5
18603,6,0.03463673744018401,5
18603,7,0.03962424379239948,5
18603,8,0.044074123830346326,5
18603,9,0.047336985186181124,5
18603,10,0.049866392750176305,5
18603,11,0.051842159087969006,5
20109,-24,-0.09909007782482178,5
20109,-23,-0.10321160328111319,5
20109,-22,-0.10521875102606656,5
20109,-21,-0.1050260439061926,5
20109,-20,-0.10596592175959359,5
20109,-19,-0.10576543098289086,5
20109,-18,-0.10394711506318188,5
20109,-17,-0.09772910344665746,5
20109,-16,-0.08786140658325862,5
20109,-15,-0.0774032034986746,5
20109,-14,-0.06813192710809837,5
20109,-13,-0.06012404649986074,5
20109,-12,-0.053105433072811084,5
20109,-11,-0.04757428668088082,5
20109,-10,-0.04460541099299249,5
20109,-9,-0.042840562987787226,5
20109,-8,-0.04285178360692541,5
20109,-7,-0.04031665900078529,5
20109,-6,-0.03360075430931282,5
20109,-5,-0.023808319262683498,5
20109,-4,-0.014842017694270382,5
20109,-3,-0.009625470425628535,5
20109,-2,-0.006085695245833733,5
20109,-1,-0.0033892289685610423,5
20109,0,0.0,5
20109,1,0.004342702638621176,5
20109,2,0.008712598848163467,5
20109,3,0.013217006901041373,5
20109,4,0.016142233024405782,5
20109,5,0.018285723886548054,5
20109,6,0.018940117561897906,5
20109,7,0.020049302113757505,5
20109,8,0.021581050703568395,5
20109,9,0.023415743053141824,5
20109,10,0.02727096597373304,5
20109,11,0.030853565841774965,5
20109,12,0.03508342116390928,5
20109,13,0.037508939702452795,5
20109,14,0.03975210425396085,5
20109,15,0.04188366947961164,5
20109,16,0.04349769521191789,5
20109,17,0.04430106742867821,5
20109,18,0.045151015050049634,5
20109,19,0.04604637449097844,5
20109,20,0.04784090239182639,5
20109,21,0.04969261979100992,5
20109,22,0.0521227456019254,5
20136,-24,-0.07395970223781952,5
20136,-23,-0.05479513460815362,5
20136,-22,-0.03989749584235867,5
20136,-21,-0.032367406152221535,5
20136,-20,-0.03309320199133694,5
20136,-19,-0.039783126002025423,5
20136,-18,-0.04849228787554516,5
20136,-17,-0.05443689139442043,5
20136,-16,-0.05742616856434317,5
20136,-15,-0.05889380830280792,5
20136,-14,-0.06128718853611588,5
20136,-13,-0.06209343720427505,5
20136,-12,-0.0618527468993431,5
20136,-11,-0.05808913040330381,5
20136,-10,-0.05265148012437315,5
20136,-9,-0.04465914531315711,5
20136,-8,-0.03639196023966669,5
20136,-7,-0.02943765386359871,5
20136,-6,-0.02393516412627612,5
20136,-5,-0.01994488458493713,5
20136,-4,-0.016455833703151512,5
20136,-3,-0.013614357575998071,5
20136,-2,-0.01094096806625693,5
20136,-1,-0.0070448392715977805,5
20136,0,0.0,5
20136,1,0.009241075013210675,5
20136,2,0.017462611245321825,5
20136,3,0.022438016703639006,5
20136,4,0.024758457031224878,5
20136,5,0.02644665619835642,5
20136,6,0.02893734089055826,5
20136,7,0.032953971711138764,5
20136,8,0.038142917371640904,5
20136,9,0.043260007441675796,5
20136,10,0.0470242425191536,5
20136,11,0.04966011353869746,5
20136,12,0.050236836553169795,5
20136,13,0.05004694311693854,5
20136,14,0.04708531761693955,5
20136,15,0.04366310040270882,5
20136,16,0.04102554452368849,5
20136,17,0.040132546754434985,5
20136,18,0.04095498672347268,5
20136,19,0.04336325771662004,5
20136,20,0.046550169767984075,5
20136,21,0.04953054212962016,5
20136,22,0.05086335798292581,5
20136,23,0.05124586102586903,5
20136,24,0.050889661002988265,5
20166,-24,-0.010183931773105215,5
20166,-23,-0.007066841541495705,5
20166,-22,-0.006319969252395907,5
20166,-21,-0.006822898814976597,5
20166,-20,-0.006117644577596693,5
20166,-19,-0.004258129990718373,5
20166,-18,-0.0012745866594279676,5
20166,-17,0.0018420031466423125,5
20166,-16,0.004220606847267305,5
20166,-15,0.005973161758875278,5
20166,-14,0.005908946658535896,5
20166,-13,0.005214722610700662,5
20166,-12,0.002809327248074567,5
20166,-11,0.0002299831940227648,5
20166,-10,-0.0010101287419836068,5
20166,-9,-0.001217757481716575,5
20166,-8,-0.0002032419055499446,5
20166,-7,0.0010710909081733887,5
20166,-6,0.002604158734214579,5
20166,-5,0.003969892957944055,5
20166,-4,0.004321062902444339,5
20166,-3,0.004055708091976129,5
20166,-2,0.0034678774923307286,5
20166,-1,0.0016986175488757026,5
20166,0,0.0,5
20166,1,-0.00021369649921254563,5
20166,2,0.0020360752392715397,5
23150,-24,-0.1880194749443138,5
23150,-23,-0.1738739156152807,5
23150,-22,-0.15626166713262926,5
23150,-21,-0.1356256303438439,5
23150,-20,-0.11568127366113572,5
23150,-19,-0.09610461300881745,5
23150,-18,-0.07440652428613284,5
23150,-17,-0.055305873751463605,5
23150,-16,-0.043087604932298976,5
23150,-15,-0.03693132033776081,5
23150,-14,-0.03414497792206887,5
23150,-13,-0.028547249155175435,5
23150,-12,-0.0233429430792917,5
23150,-11,-0.02068800356726861,5
23150,-10,-0.02105546964940146,5
23150,-9,-0.020758632193811622,5
23150,-8,-0.016111539714835386,5
23150,-7,-0.006498115559424278,5
23150,-6,0.0019371929366549523,5
23150,-5,0.006546055855010735,5
23150,-4,0.0062504746112395536,5
23150,-3,0.005468029192510571,5
23150,-2,0.0037128749319794707,5
23150,-1,0.0018974757679586674,5
23150,0,0.0,5
23150,1,-0.0006469903540892829,5
23150,2,0.0015095525602781378,5
23150,3,0.007612309429542918,5
23150,4,0.015565277811305478,5
23150,5,0.02305375648175243,5
23150,6,0.02743946220355582,5
23150,7,0.030559550329367014,5
23150,8,0.03374066663901907,5
23150,9,0.03772955894797754,5
23150,10,0.04229049809796344,5
23150,11,0.046684245739641736,5
23150,12,0.051930202349030806,5
23150,13,0.05720857904769936,5
23150,14,0.0613155023847554,5
23150,15,0.06231073281914519,5
23150,16,0.06129517394433357,5
23150,17,0.06008012694817211,5
23150,18,0.05927865766256275,5
23150,19,0.060227009409431174,5
23150,20,0.06202761538585797,5
23150,21,0.06518133984038385,5
23150,22,0.06864543276344648,5
23150,23,0.07265736401723899,5
23150,24,0.07705731908715627,5
23836,-24,-0.12871168731003663,5
23836,-23,-0.11700996471884047,5
23836,-22,-0.10120733062498317,5
23836,-21,-0.08338239781481036,5
23836,-20,-0.06797436737031433,5
23836,-19,-0.05522964422954857,5
23836,-18,-0.0435230284180971,5
23836,-17,-0.03791758983728748,5
23836,-16,-0.03745008850941112,5
23836,-15,-0.04232730390479596,5
23836,-14,-0.04681452833840645,5
23836,-13,-0.04919240170007413,5
23836,-12,-0.05006158698192671,5
23836,-11,-0.05000403749371181,5
23836,-10,-0.051539000401775684,5
23836,-9,-0.05051585407113031,5
23836,-8,-0.04789977080363137,5
23836,-7,-0.042039774174426725,5
23836,-6,-0.03544872984183982,5
23836,-5,-0.02835322917225618,5
23836,-4,-0.022213380989127174,5
23836,-3,-0.016315856126317384,5
23836,-2,-0.011109109391991367,5
23836,-1,-0.004942563928641519,5
23836,0,0.0,5
23836,1,0.0017402026759395285,5
23836,2,0.0032542573029644473,5
23836,3,0.00771895098892017,5
23836,4,0.015917653551573707,5
23836,5,0.024036085041189637,5
23836,6,0.029509393476489974,5
23836,7,0.03322983992124371,5
23836,8,0.036901851420473974,5
23836,9,0.040279478715246245,5
23836,10,0.04442737094784484,5
23836,11,0.047039639371879716,5
23836,12,0.05119242660619037,5
23836,13,0.05349248223748582,5
23836,14,0.05513750610603765,5
23836,15,0.053299771783217056,5
23836,16,0.05125568007061432,5
23836,17,0.0492447996921566,5
23836,18,0.04809327663712644,5
23836,19,0.05014373535034622,5
23836,20,0.054017982999721784,5
23836,21,0.06021197279224708,5
23836,22,0.0655978757660101,5
23836,23,0.07030889674979086,5
23836,24,0.07376458881722456,5
28905,-24,-0.044377751983120106,5
28905,-23,-0.039273723488908986,5
28905,-22,-0.03149938278424358,5
28905,-21,-0.02390411820569547,5
28905,-20,-0.01902201099785721,5
28905,-19,-0.01651205726521603,5
28905,-18,-0.015826547379779753,5
28905,-17,-0.01604045042794695,5
28905,-16,-0.015828680973504206,5
28905,-15,-0.01444038025572567,5
28905,-14,-0.010257559786184344,5
28905,-13,-0.0067828632914945786,5
28905,-12,-0.004540703334781427,5
28905,-11,-0.006228260148252928,5
28905,-10,-0.00948053999010412,5
28905,-9,-0.012818078040148251,5
28905,-8,-0.015670086446766616,5
28905,-7,-0.01650751014406069,5
28905,-6,-0.0167226878526332,5
28905,-5,-0.015124651899146713,5
28905,-4,-0.012589941548429805,5
28905,-3,-0.009939946046867121,5
28905,-2,-0.007168896470126284,5
28905,-1,-0.0041727269510392516,5
28905,0,0.0,5
28905,1,0.00516135621891145,5
28905,2,0.00845862523051224,5
28905,3,0.008864651283071368,5
28905,4,0.006825601516534263,5
28905,5,0.004437680026143198,5
29847,-24,-0.017305408612613603,5
29847,-23,-0.01335964171002999,5
29847,-22,-0.010412306486422196,5
29847,-21,-0.01027534875277425,5
29847,-20,-0.01110047701298349,5
29847,-19,-0.0144600075044778,5
29847,-18,-0.014248813146611283,5
29847,-17,-0.014315282706521515,5
29847,-16,-0.015825971854280852,5
29847,-15,-0.02304219960889391,5
29847,-14,-0.03326338041005918,5
29847,-13,-0.04034373540719649,5
29847,-12,-0.044798025345786384,5
29847,-11,-0.043484164027900715,5
29847,-10,-0.04315365335774004,5
29847,-9,-0.040326815431209084,5
29847,-8,-0.03597101408904848,5
29847,-7,-0.02770915746198881,5
29847,-6,-0.01962426107074471,5
29847,-5,-0.012806122539921461,5
29847,-4,-0.007755722039594915,5
29847,-3,-0.0019474827465437272,5
29847,-2,0.0011745559940926852,5
29847,-1,0.0016098122259766256,5
29847,0,0.0,5
29847,1,-0.001022501192819192,5
30214,-24,0.005891490880946648,5
30214,-23,0.009788671130969817,5
30214,-22,0.012580908668244817,5
30214,-21,0.014590218182813076,5
30214,-20,0.01604193636006137,5
30214,-19,0.01897234831297041,5
30214,-18,0.023596471678582632,5
30214,-17,0.028805433333063492,5
30214,-16,0.032332789265787906,5
30214,-15,0.03346091398023745,5
30214,-14,0.033388632832351564,5
30214,-13,0.03341452179769533,5
30214,-12,0.03335816789760067,5
30214,-11,0.032672706175196,5
30214,-10,0.03070055994006431,5
30214,-9,0.02834943449756331,5
30214,-8,0.025989978864918585,5
30214,-7,0.023797220947857058,5
30214,-6,0.02051491056354706,5
30214,-5,0.016999849900711083,5
30214,-4,0.012641337219210768,5
30214,-3,0.008425845388958209,5
30214,-2,0.004129287861605491,5
30214,-1,0.0012839751437635273,5
30214,0,0.0,5
30214,1,-0.0009542467407875676,5
30214,2,-0.002845730808374114,5
30214,3,-0.005350466813945687,5
30214,4,-0.00781376666114184,5
30214,5,-0.009754840599085667,5
30214,6,-0.012280946556235151,5
30214,7,-0.015014807489659176,5
30214,8,-0.017806346778332482,5
30214,9,-0.019773800745632286,5
30214,10,-0.020871745278885002,5
30318,-24,-0.007182494994130905,5
30318,-23,-0.01076855069901761,5
30318,-22,-0.012147749213206892,5
30318,-21,-0.012170163732293914,5
30318,-20,-0.010387241274699477,5
30318,-19,-0.007329853600710479,5
30318,-18,-0.0037142450813966834,5
30318,-17,-0.0006779319341500667,5
30318,-16,0.0014228682712357,5
30318,-15,0.0027219410992028515,5
30318,-14,0.0038600718659314026,5
30318,-13,0.004727985157139259,5
30318,-12,0.005614135994265723,5
30318,-11,0.007249797566144522,5
30318,-10,0.010597505113251415,5
30318,-9,0.014283949050373224,5
30318,-8,0.016054813895693344,5
30318,-7,0.015225627211573922,5
30318,-6,0.013485336386883517,5
30318,-5,0.012317757735415925,5
30318,-4,0.01123689118263016,5
30318,-3,0.009324439210494972,5
30318,-2,0.006199072841447872,5
30318,-1,0.0029486622474170334,5
30318,0,0.0,5
30318,1,-0.002789966206968231,5
30318,2,-0.006312819045335871,5
30318,3,-0.009839214593889168,5
30318,4,-0.013937390591351928,5
30318,5,-0.018033094349455325,5
30318,6,-0.021943912377659913,5
30318,7,-0.02461644063474644,5
30318,8,-0.02574763228656387,5
30318,9,-0.026558654944986416,5
30318,10,-0.027538845698152414,5
30318,11,-0.028740676771369423,5
30318,12,-0.030361077957607917,5
30318,13,-0.031416861878164684,5
30318,14,-0.03289062534978342,5
30318,15,-0.0342630541881956,5
30318,16,-0.03627294667396086,5
30318,17,-0.03799513595416606,5
30318,18,-0.038993726196667924,5
30721,-24,-0.06196653157417984,5
30721,-23,-0.06049947208350979,5
30721,-22,-0.05446611117817781,5
30721,-21,-0.0451265106755212,5
30721,-20,-0.03436788486268512,5
30721,-19,-0.027476842689554103,5
30721,-18,-0.022225818075198234,5
30721,-17,-0.01872577402262756,5
30721,-16,-0.01648949890446012,5
30721,-15,-0.014559518910105495,5
30721,-14,-0.013147859436799792,5
30721,-13,-0.00838332400585955,5
30721,-12,-0.003606266709095962,5
30721,-11,0.0006437682507616671,5
30721,-10,0.0006218114054412638,5
30721,-9,-1.9360787641531374e-05,5
30721,-8,-0.00040274093654666385,5
30721,-7,-0.0002581157336326356,5
30721,-6,-0.0012389869159658673,5
30721,-5,-0.00339174133483624,5
30721,-4,-0.004215574842158532,5
30721,-3,-0.004343218476446253,5
30721,-2,-0.002557543346781799,5
30721,-1,-0.001790845069050917,5
30721,0,0.0,5
30721,1,0.0026164416987747075,5
30721,2,0.006737668479452452,5
30721,3,0.008647431511268167,5
30721,4,0.007316406993517077,5
30721,5,0.004965464433964328,5
30721,6,0.0028236618604374542,5
35810,-24,0.03585058939945078,5
35810,-23,0.03884777049776957,5
35810,-22,0.045325285655476576,5
35810,-21,0.04976715900377009,5
35810,-20,0.049350149521266574,5
35810,-19,0.04516785181651315,5
35810,-18,0.04109189480764926,5
35810,-17,0.037056234168747794,5
35810,-16,0.034580209363378245,5
35810,-15,0.031140050400088982,5
35810,-14,0.03001724514607389,5
35810,-13,0.028883197322180365,5
35810,-12,0.02747137199045646,5
35810,-11,0.022192506401482605,5
35810,-10,0.014992487827477419,5
35810,-9,0.009765285858202332,5
35810,-8,0.004608448000756127,5
35810,-7,0.00030845972480442185,5
35810,-6,-0.004887252489638172,5
35810,-5,-0.008020944822462184,5
35810,-4,-0.009170136632467418,5
35810,-3,-0.009126667611187144,5
35810,-2,-0.008647417842979266,5
35810,-1,-0.005317690367138894,5
35810,0,0.0,5
35810,1,0.006274177518747592,5
35810,2,0.0074407396167401885,5
35810,3,0.006113004915956566,5
35810,4,0.004734154066057883,5
35810,5,0.0033515798800742404,5
36105,-24,0.0052611020127088185,5
36105,-23,0.0147964974613231,5
36105,-22,0.02163642064578646,5
36105,-21,0.02064049261898937,5
36105,-20,0.012077272172732023,5
36105,-19,0.003440555280744562,5
36105,-18,-0.003232920668805406,5
36105,-17,-0.0034529989344946445,5
36105,-16,-0.006183888317600861,5
36105,-15,-0.009576826970963737,5
36105,-14,-0.019608699460444967,5
36105,-13,-0.03123295203831091,5
36105,-12,-0.039278317050358426,5
36105,-11,-0.04240206900563095,5
36105,-10,-0.04079643386318956,5
36105,-9,-0.037601348282251125,5
36105,-8,-0.032681686082343474,5
36105,-7,-0.024600507870027145,5
36105,-6,-0.018336242121905145,5
36105,-5,-0.011572531921261486,5
36105,-4,-0.0063993032141457466,5
36105,-3,-0.0010742031471359325,5
36105,-2,0.0027051881598598726,5
36105,-1,0.00339804616353625,5
36105,0,0.0,5
36105,1,-0.00314065200454543,5
36105,2,-0.004472207641050474,5
37066,-24,-0.007750011609217467,5
37066,-23,-0.007394771332623051,5
37066,-22,-0.007470817251815731,5
37066,-21,-0.007645920135878015,5
37066,-20,-0.007371742508600576,5
37066,-19,-0.006427668696478861,5
37066,-18,-0.004770685753780058,5
37066,-17,-0.0027848280002007895,5
37066,-16,0.000297901735265782,5
37066,-15,0.0030277094057968414,5
37066,-14,0.004810300234606046,5
37066,-13,0.005111576610620361,5
37066,-12,0.004364009857139095,5
37066,-11,0.0028470478177641924,5
37066,-10,0.0012948053374071122,5
37066,-9,0.00043716420106072463,5
37066,-8,0.0010773865074064303,5
37066,-7,0.0014224426931686907,5
37066,-6,0.0016846304156963754,5
37066,-5,0.0010645605521336422,5
37066,-4,0.0015143101073398669,5
37066,-3,0.001875689009414927,5
37066,-2,0.0025457930617843517,5
37066,-1,0.0015218384011696172,5
37066,0,0.0,5
37066,1,-0.0019264866802846115,5
37066,2,-0.002984654779977447,5
38109,-24,0.05169032011320986,5
38109,-23,0.05754315591687913,5
38109,-22,0.05868779920658866,5
38109,-21,0.06172184524385429,5
38109,-20,0.06486590072367449,5
38109,-19,0.06159669743574554,5
38109,-18,0.04943673752387845,5
38109,-17,0.035441358472472116,5
38109,-16,0.026322605359338523,5
38109,-15,0.023833082747263035,5
38109,-14,0.02476115945399613,5
38109,-13,0.02284108149897044,5
38109,-12,0.018160806377190752,5
38109,-11,0.008298484557850826,5
38109,-10,-0.003128880889824259,5
38109,-9,-0.016725721122980274,5
38109,-8,-0.0262085775243456,5
38109,-7,-0.03182807863054471,5
38109,-6,-0.033860077493455876,5
38109,-5,-0.033953073440932256,5
38109,-4,-0.02903860767752242,5
38109,-3,-0.01893337344336423,5
38109,-2,-0.008097629487527059,5
38109,-1,-0.0015451237643983261,5
38109,0,0.0,5
38109,1,-0.004344879228722576,5
38109,2,-0.008360048046910151,5
38109,3,-0.008844305787267004,5
38109,4,-0.0027839608452723042,5
38109,5,0.003563009647834292,5
38109,6,0.008315513572052069,5
38109,7,0.008409898619112255,5
38109,8,0.004145878296921523,5
38109,9,-0.006615244535374742,5
38109,10,-0.020440111222185208,5
38109,11,-0.03164751900272052,5
38109,12,-0.03734934064431776,5
38109,13,-0.03691242706865054,5
38109,14,-0.035702299614102984,5
38109,15,-0.03541873802317923,5
38109,16,-0.0365744044991196,5
38109,17,-0.036793093180430246,5
38109,18,-0.03502004151991365,5
38109,19,-0.034239937229911276,5
38109,20,-0.036300589405847815,5
38109,21,-0.04008732061914486,5
38109,22,-0.045133457712596935,5
38109,23,-0.04886403261348917,5
38109,24,-0.051819656236716936,5
39046,-24,-0.05825033201736929,5
39046,-23,-0.04967709510857965,5
39046,-22,-0.04382421292632692,5
39046,-21,-0.0381988638757683,5
39046,-20,-0.03523038950243418,5
39046,-19,-0.03418233762953271,5
39046,-18,-0.03725456718026088,5
39046,-17,-0.0401732585353578,5
39046,-16,-0.04108203152167071,5
39046,-15,-0.04051230350574251,5
39046,-14,-0.03764979602069367,5
39046,-13,-0.03350872358005432,5
39046,-12,-0.029165563103767767,5
39046,-11,-0.027120598210284896,5
39046,-10,-0.028087489141654133,5
39046,-9,-0.028197301005963026,5
39046,-8,-0.02783922927463465,5
39046,-7,-0.02513223673259333,5
39046,-6,-0.02145869940227385,5
39046,-5,-0.016265621555928433,5
39046,-4,-0.010608510202300891,5
39046,-3,-0.0035470322464654204,5
39046,-2,0.0007936193160826832,5
39046,-1,0.002503807205467723,5
39046,0,0.0,5
39046,1,-0.0021288738339979574,5
39046,2,-0.0030029274667839447,5
39046,3,-0.002286141819962495,5
39046,4,-0.0007664793732331532,5
39046,5,0.0008788905041448913,5
39046,6,0.004264941671700129,5
39046,7,0.009011334903847867,5
39046,8,0.016582740791873718,5
39046,9,0.025769806896765956,5
39046,10,0.03323780403937278,5
39046,11,0.03687229155331906,5
39046,12,0.03609464990366362,5
39046,13,0.034737954443666653,5
39046,14,0.03207274747240767,5
39157,-24,-0.052444752055177804,5
39157,-23,-0.04979843899778267,5
39157,-22,-0.050261994879204866,5
39157,-21,-0.05275092741581559,5
39157,-20,-0.05402629083010666,5
39157,-19,-0.05418147909443931,5
39157,-18,-0.05143818040432642,5
39157,-17,-0.0468799222866366,5
39157,-16,-0.04063973591642558,5
39157,-15,-0.03514644688796835,5
39157,-14,-0.029168113667304853,5
39157,-13,-0.02574425326956984,5
39157,-12,-0.023685748211043033,5
39157,-11,-0.024707178623716786,5
39157,-10,-0.025972776459787284,5
39157,-9,-0.026508855370718364,5
39157,-8,-0.02512426065907647,5
39157,-7,-0.022692342597274616,5
39157,-6,-0.021128655667810393,5
39157,-5,-0.01908930429555724,5
39157,-4,-0.016902973080847518,5
39157,-3,-0.01280082184062543,5
39157,-2,-0.007825635397735908,5
39157,-1,-0.003108143753553705,5
39157,0,0.0,5
39157,1,0.0009387496984466281,5
39157,2,0.0018071050287606027,5
39157,3,0.0018016229518515558,5
43054,-24,-0.12215006763033572,5
43054,-23,-0.09996317140944946,5
43054,-22,-0.08055362652197076,5
43054,-21,-0.06500160438317337,5
43054,-20,-0.057018778235531545,5
43054,-19,-0.055123183133223105,5
43054,-18,-0.057482483370232276,5
43054,-17,-0.0589493235028371,5
43054,-16,-0.059413540502105275,5
43054,-15,-0.058935594975616824,5
43054,-14,-0.06020687496921724,5
43054,-13,-0.05872533309120875,5
43054,-12,-0.05526397380528323,5
43054,-11,-0.048572678289137985,5
43054,-10,-0.04170936971198387,5
43054,-9,-0.034805890866480026,5
43054,-8,-0.028544283385480894,5
43054,-7,-0.023590793096136764,5
43054,-6,-0.019530906129323355,5
43054,-5,-0.01622683788868997,5
43054,-4,-0.013842403311148744,5
43054,-3,-0.01187549582722447,5
43054,-2,-0.009968273727193378,5
43054,-1,-0.006232781432487044,5
43054,0,0.0,5
43054,1,0.006043379697057816,5
43054,2,0.010661145019705743,5
43054,3,0.012367162044829882,5
43054,4,0.013460007985216649,5
43054,5,0.014791715941924721,5
43054,6,0.01731078788656646,5
43054,7,0.02126622673058769,5
43054,8,0.025326265593349717,5
43054,9,0.02915000849241487,5
43054,10,0.03174302155089457,5
43054,11,0.033482834571817575,5
43054,12,0.033792935600435926,5
43054,13,0.033462812903621145,5
43054,14,0.03270917494253602,5
43054,15,0.03194508711566009,5
43054,16,0.032561465524729626,5
43054,17,0.034114444771190834,5
43054,18,0.03753190165705966,5
43054,19,0.04123911066734962,5
43054,20,0.044754810293176205,5
43054,21,0.047524549644895234,5
43054,22,0.04914247125810363,5
43054,23,0.049201801086618605,5
43054,24,0.047504912426642676,5
43130,-24,-0.17662514402945356,5
43130,-23,-0.1632792118245227,5
43130,-22,-0.1421820193235604,5
43130,-21,-0.11704527053445801,5
43130,-20,-0.09521531986364344,5
43130,-19,-0.07900116716495091,5
43130,-18,-0.06552711459070934,5
43130,-17,-0.05730062342981377,5
43130,-16,-0.05356870078250964,5
43130,-15,-0.054287355298335525,5
43130,-14,-0.05592222679830385,5
43130,-13,-0.05718254527964177,5
43130,-12,-0.05854467737895099,5
43130,-11,-0.06116972055770127,5
43130,-10,-0.06173078356402968,5
43130,-9,-0.05964495617335217,5
43130,-8,-0.05306816005189319,5
43130,-7,-0.04422696783991,5
43130,-6,-0.03439349203643758,5
43130,-5,-0.025240441940323065,5
43130,-4,-0.016773094537699863,5
43130,-3,-0.009771632109248075,5
43130,-2,-0.004770898672946444,5
43130,-1,-0.0020567908573482898,5
43130,0,0.0,5
43130,1,0.0029365946591450864,5
43130,2,0.007477991823837726,5
43130,3,0.014749371628719032,5
43130,4,0.022305708907317978,5
43130,5,0.028590085862035864,5
43130,6,0.03153630629635806,5
43130,7,0.03331094417928391,5
43130,8,0.03431855972277873,5
43130,9,0.03517033918323733,5
43130,10,0.03599001364719747,5
43130,11,0.036931113782152636,5
43130,12,0.04026312778678474,5
43130,13,0.044242096407975495,5
43130,14,0.047486664807139076,5
43130,15,0.047657999548274786,5
43130,16,0.04634721671973132,5
43130,17,0.04531845143848088,5
43130,18,0.04543003191895991,5
43130,19,0.04711891532902719,5
43130,20,0.049137889273301025,5
43130,21,0.05112550055282803,5
43130,22,0.05198490252902523,5
43130,23,0.05248497352620198,5
43130,24,0.053872372019099404,5
43207,-24,-0.14812062616858485,5
43207,-23,-0.12432833129099877,5
43207,-22,-0.1073824344263766,5
43207,-21,-0.09310345763338006,5
43207,-20,-0.08627980396441223,5
43207,-19,-0.08510746147754097,5
43207,-18,-0.08869070742925053,5
43207,-17,-0.09033492630292236,5
43207,-16,-0.08999969770332861,5
43207,-15,-0.09116586919263056,5
43207,-14,-0.09514852587327027,5
43207,-13,-0.09812618371332782,5
43207,-12,-0.09675751100819774,5
43207,-11,-0.08817443396928262,5
43207,-10,-0.07561696583304851,5
43207,-9,-0.061798095951429134,5
43207,-8,-0.04886711737167211,5
43207,-7,-0.03854734104273838,5
43207,-6,-0.02995467585670788,5
43207,-5,-0.024566264996760623,5
43207,-4,-0.019944034599606298,5
43207,-3,-0.016726124884905148,5
43207,-2,-0.013290221324047025,5
43207,-1,-0.00839409780223228,5
43207,0,0.0,5
43207,1,0.009889116668354703,5
43207,2,0.018388201149341653,5
43207,3,0.02438040294745889,5
43207,4,0.02905887269558143,5
43207,5,0.03227278855156577,5
43207,6,0.03278072832462584,5
43207,7,0.03211701813290091,5
43207,8,0.03204040402188966,5
43207,9,0.03663727896876097,5
43207,10,0.04272888869499667,5
43207,11,0.04919212908226669,5
43207,12,0.05035956242157589,5
43207,13,0.04833539185489215,5
43207,14,0.046175448213372404,5
43207,15,0.044352373430725935,5
43207,16,0.0438285548963222,5
43207,17,0.042450090836203457,5
43207,18,0.04393481105151835,5
43207,19,0.04686312121080079,5
43207,20,0.05091679145373575,5
43207,21,0.05437471182960465,5
43207,22,0.058604188654276614,5
43207,23,0.06306973005476343,5
43207,24,0.06788759363260866,5
44481,-24,-0.128899190064082,5
44481,-23,-0.12320253166089294,5
44481,-22,-0.12120971588751495,5
44481,-21,-0.1197776927475541,5
44481,-20,-0.1184419552525103,5
44481,-19,-0.11218345441233205,5
44481,-18,-0.10502373117330066,5
44481,-17,-0.09795754988588926,5
44481,-16,-0.09500906047656663,5
44481,-15,-0.09312023241920393,5
44481,-14,-0.08982814300433936,5
44481,-13,-0.08487451250175049,5
44481,-12,-0.07476062383283626,5
44481,-11,-0.06464575742695651,5
44481,-10,-0.05493797272355074,5
44481,-9,-0.049692749915673316,5
44481,-8,-0.045319685739110584,5
44481,-7,-0.039579964495170115,5
44481,-6,-0.034453535327385154,5
44481,-5,-0.02882858084595057,5
44481,-4,-0.023682529156199904,5
44481,-3,-0.017611224310469707,5
44481,-2,-0.012362662625029585,5
44481,-1,-0.006341291055498388,5
44481,0,0.0,5
46552,-24,-0.1060693852811518,5
46552,-23,-0.09485281906578144,5
46552,-22,-0.08516355869469124,5
46552,-21,-0.07573866944585994,5
46552,-20,-0.06858230011705793,5
46552,-19,-0.06473181248307824,5
46552,-18,-0.06456590829965236,5
46552,-17,-0.06663672310243669,5
46552,-16,-0.06573243995544509,5
46552,-15,-0.062484698823555715,5
46552,-14,-0.05519328601379954,5
46552,-13,-0.0471191076345999,5
46552,-12,-0.039185213346710414,5
46552,-11,-0.03381472215896686,5
46552,-10,-0.030607942474734882,5
46552,-9,-0.028821176855991483,5
46552,-8,-0.02665756593260795,5
46552,-7,-0.02340989592003382,5
46552,-6,-0.019217119826893735,5
46552,-5,-0.013589326647914035,5
46552,-4,-0.0075459148775312455,5
46552,-3,-0.001993338464643912,5
46552,-2,0.00026443228309958045,5
46552,-1,0.00035676448870169963,5
46552,0,0.0,5
46552,1,0.0005723429604785224,5
46552,2,0.0037430497973453213,5
46552,3,0.007838940971490871,5
46552,4,0.013352487687721393,5
46552,5,0.01787782518723411,5
46552,6,0.02276449338319857,5
46552,7,0.028009001166006797,5
46552,8,0.03418407789018367,5
46552,9,0.040697642188627724,5
46552,10,0.047510635064064034,5
46552,11,0.053650984454738905,5
46552,12,0.05972258321960559,5
46552,13,0.06471919395543217,5
46552,14,0.07008281117829078,5
46806,-24,-0.028631135949366636,5
46806,-23,-0.027344423566541563,5
46806,-22,-0.02859183846717599,5
46806,-21,-0.029257417323260527,5
46806,-20,-0.028010567457962664,5
46806,-19,-0.02254303007700109,5
46806,-18,-0.014411948366369031,5
46806,-17,-0.0071593406271389885,5
46806,-16,-0.0018979616555672152,5
46806,-15,-0.0015105918800600194,5
46806,-14,-0.0021467055060799822,5
46806,-13,-0.004419578679711478,5
46806,-12,-0.00485369644257645,5
46806,-11,-0.006141808934948756,5
46806,-10,-0.007090875501654992,5
46806,-9,-0.008450612762384324,5
46806,-8,-0.0070893221167061425,5
46806,-7,-0.003050483922010727,5
46806,-6,0.0029833900097308687,5
46806,-5,0.008813547948004796,5
46806,-4,0.010603826857244059,5
46806,-3,0.0075746983651438175,5
46806,-2,0.002101685067633241,5
46806,-1,-0.0007646447355362795,5
46806,0,0.0,5
47130,-24,-0.05427768240020612,5
47130,-23,-0.050521890462607286,5
47130,-22,-0.04786271847200148,5
47130,-21,-0.04488533363902185,5
47130,-20,-0.04274818907943754,5
47130,-19,-0.040093508240290274,5
47130,-18,-0.036659586719389736,5
47130,-17,-0.030236608846359658,5
47130,-16,-0.02367649233964535,5
47130,-15,-0.01840924745049115,5
47130,-14,-0.016730639782742786,5
47130,-13,-0.016357048741756232,5
47130,-12,-0.01628221282493314,5
47130,-11,-0.016236862914422546,5
47130,-10,-0.015862190414271993,5
47130,-9,-0.01584599681011234,5
47130,-8,-0.015329913156959307,5
47130,-7,-0.015158431601653888,5
47130,-6,-0.014207347203406684,5
47130,-5,-0.01181897082948673,5
47130,-4,-0.008045599577555152,5
47130,-3,-0.0029765086170304043,5
47130,-2,0.0005126895036617896,5
47130,-1,0.0013976142230898603,5
47130,0,0.0,5
47130,1,-0.0004990523675708402,5
47130,2,0.0005888317805279542,5
50061,-24,-0.13307327037374037,5
50061,-23,-0.12737548818843258,5
50061,-22,-0.12002086295994267,5
50061,-21,-0.11150050890182187,5
50061,-20,-0.10505288773354984,5
50061,-19,-0.1003696683933196,5
50061,-18,-0.09750111763257116,5
50061,-17,-0.09403389637547868,5
50061,-16,-0.09110727689561493,5
50061,-15,-0.08838227261116635,5
50061,-14,-0.08336166481742602,5
50061,-13,-0.07761104994529618,5
50061,-12,-0.07293216896515098,5
50061,-11,-0.07250928530542708,5
50061,-10,-0.07333043958365089,5
50061,-9,-0.07219269304247718,5
50061,-8,-0.06944254826734379,5
50061,-7,-0.06612321983814481,5
50061,-6,-0.06399597270565352,5
50061,-5,-0.05958135719544373,5
50061,-4,-0.052151084342415645,5
50061,-3,-0.039294776772819874,5
50061,-2,-0.024772175558161535,5
50061,-1,-0.01077042016347889,5
50061,0,0.0,5
50061,1,0.007991636350959296,5
50061,2,0.016818881263397145,5
50061,3,0.02690171897515725,5
50061,4,0.04023862940942351,5
50061,5,0.05423973691836963,5
50061,6,0.0676850743211805,5
50061,7,0.0777062589274248,5
50061,8,0.0829583083471583,5
50061,9,0.0853435244825608,5
50061,10,0.08843566739460548,5
50061,11,0.0943781618538786,5
50061,12,0.10302166646077851,5
50061,13,0.11520432623848009,5
50061,14,0.12884694340766706,5
50061,15,0.14515659693292768,5
50061,16,0.1622098865991493,5
50061,17,0.17949744878776883,5
50061,18,0.19428235507069544,5
50061,19,0.20344364449052144,5
50061,20,0.20745918790047108,5
50061,21,0.2068401262468889,5
50061,22,0.20693355784407075,5
50061,23,0.20789737385942572,5
50061,24,0.20882655368812203,5
51503,-24,-0.10894208034316577,5
51503,-23,-0.10563733096567418,5
51503,-22,-0.09999760689932238,5
51503,-21,-0.09636026241664694,5
51503,-20,-0.09153356793875318,5
51503,-19,-0.08512970449812833,5
51503,-18,-0.07537809540144132,5
51503,-17,-0.0655723377864799,5
51503,-16,-0.05614402949017468,5
51503,-15,-0.04815933754164057,5
51503,-14,-0.04074877273821294,5
51503,-13,-0.03607196245821385,5
51503,-12,-0.03300338670365584,5
51503,-11,-0.03130603673511771,5
51503,-10,-0.029918843512574254,5
51503,-9,-0.027786401621354172,5
51503,-8,-0.02395086409911116,5
51503,-7,-0.017739592719575724,5
51503,-6,-0.01173004990642994,5
51503,-5,-0.0075061703975194405,5
51503,-4,-0.005950110900390726,5
51503,-3,-0.0048398562787170364,5
51503,-2,-0.004288166767669211,5
51503,-1,-0.002727973341674783,5
51503,0,0.0,5
51503,1,0.0037245591142411882,5
51503,2,0.009433443608513415,5
51503,3,0.013823127174946492,5
51503,4,0.01691965132112223,5
51503,5,0.01657791318257722,5
51503,6,0.015407043414804278,5
51503,7,0.014769156117836958,5
51503,8,0.01569835786415048,5
51503,9,0.018474099904981146,5
51503,10,0.02169162824087074,5
51503,11,0.025758475615458565,5
51503,12,0.0294243708349299,5
51503,13,0.033481938844697724,5
51503,14,0.0380980032459501,5
51503,15,0.0424270387249198,5
51503,16,0.04578504294036136,5
51503,17,0.047718219266072025,5
51503,18,0.04917334824939736,5
51503,19,0.050334533283744064,5
51503,20,0.05109058983878363,5
51503,21,0.05253852350949586,5
52228,-24,-0.07116022793505863,5
52228,-23,-0.061572366155059656,5
52228,-22,-0.052870303335349075,5
52228,-21,-0.04788576726953018,5
52228,-20,-0.04534069820208941,5
52228,-19,-0.04387242132715237,5
52228,-18,-0.04233663878101126,5
52228,-17,-0.03970165132281167,5
52228,-16,-0.03570852974876715,5
52228,-15,-0.029917288111887784,5
52228,-14,-0.024787761064585113,5
52228,-13,-0.021240136753150906,5
52228,-12,-0.020292315934374017,5
52228,-11,-0.019846363993503147,5
52228,-10,-0.021138105798485896,5
52228,-9,-0.02255248468265698,5
52228,-8,-0.02381522895778687,5
52228,-7,-0.024434079972913025,5
52228,-6,-0.02392535974225112,5
52228,-5,-0.022615666921377908,5
52228,-4,-0.01849250342209281,5
52228,-3,-0.01354206837523897,5
52228,-2,-0.008531358508472664,5
52228,-1,-0.004597224798109423,5
52228,0,0.0,5
52228,1,0.004134094852890513,5
52228,2,0.007792091779145948,5
52228,3,0.01161707707869617,5
52228,4,0.016483033973179316,5
52404,-24,-0.05055044192694567,5
52404,-23,-0.05135842842636151,5
52404,-22,-0.0535879422881564,5
52404,-21,-0.05392572739474026,5
52404,-20,-0.05042390924690743,5
52404,-19,-0.04191672775459061,5
52404,-18,-0.03355458224197143,5
52404,-17,-0.028092602412855428,5
52404,-16,-0.028243542168103274,5
52404,-15,-0.03188879448631994,5
52404,-14,-0.035203277267620695,5
52404,-13,-0.03675581447803076,5
52404,-12,-0.033778069158328,5
52404,-11,-0.02936730824364986,5
52404,-10,-0.025111800954912056,5
52404,-9,-0.02463019781831761,5
52404,-8,-0.025599674249034622,5
52404,-7,-0.02439066980415099,5
52404,-6,-0.019073561227334324,5
52404,-5,-0.012720697794696178,5
52404,-4,-0.008276469467210746,5
52404,-3,-0.0068511776725149074,5
52404,-2,-0.005796034777857529,5
52404,-1,-0.0033452239955838793,5
52404,0,0.0,5
53403,-24,-0.11699074917260255,5
53403,-23,-0.10613927770274571,5
53403,-22,-0.09813355332615607,5
53403,-21,-0.09198390959015015,5
53403,-20,-0.08791685767193372,5
53403,-19,-0.08356423906004232,5
53403,-18,-0.07969336287307058,5
53403,-17,-0.07536322150885973,5
53403,-16,-0.07025434915108733,5
53403,-15,-0.0645113312464769,5
53403,-14,-0.05770966006396137,5
53403,-13,-0.05079610425247374,5
53403,-12,-0.04446741105426959,5
53403,-11,-0.039039840056292616,5
53403,-10,-0.035218795748621544,5
53403,-9,-0.03324217387738955,5
53403,-8,-0.03281275770236043,5
53403,-7,-0.03230136231267337,5
53403,-6,-0.03064743563630614,5
53403,-5,-0.028464503593973945,5
53403,-4,-0.02505276408285866,5
53403,-3,-0.020966900964083733,5
53403,-2,-0.01563743771231927,5
53403,-1,-0.008012721011547796,5
53403,0,0.0,5
53403,1,0.006723532014088462,5
53403,2,0.011497765611106204,5
53403,3,0.015538957476471183,5
53403,4,0.018919649577621555,5
55068,-24,-0.02173472903868472,5
55068,-23,-0.02226549375104092,5
55068,-22,-0.02403228500786696,5
55068,-21,-0.024781151344523168,5
55068,-20,-0.02399321114313544,5
55068,-19,-0.021228801751646032,5
55068,-18,-0.017322038228432035,5
55068,-17,-0.01233060932433645,5
55068,-16,-0.008246112617516132,5
55068,-15,-0.006298959246210956,5
55068,-14,-0.007495185187559627,5
55068,-13,-0.009478672646974929,5
55068,-12,-0.011666754621516163,5
55068,-11,-0.012539999807463075,5
55068,-10,-0.011770821188062542,5
55068,-9,-0.009516028380711106,5
55068,-8,-0.006736150368278615,5
55068,-7,-0.0042458717849555684,5
55068,-6,-0.0024922502884603404,5
55068,-5,-5.8771442693128503e-05,5
55068,-4,0.0017114539223676672,5
55068,-3,0.0033530682582401995,5
55068,-2,0.00310794932537064,5
55068,-1,0.0019466654044553167,5
55068,0,0.0,5
55068,1,-0.001148030485924778,5
55068,2,-0.0013597353531494606,5
58436,-24,0.04500890173638048,5
58436,-23,0.03752009358613471,5
58436,-22,0.027370828548325222,5
58436,-21,0.01585968670627693,5
58436,-20,0.007904716764170061,5
58436,-19,0.0033436290829758518,5
58436,-18,0.007410792949671219,5
58436,-17,0.01432331009977048,5
58436,-16,0.017165284091826293,5
58436,-15,0.02441420001697594,5
58436,-14,0.03251178546228282,5
58436,-13,0.0399311961543475,5
58436,-12,0.040173846687869386,5
58436,-11,0.04170527391006971,5
58436,-10,0.043767224016396614,5
58436,-9,0.04921508850494725,5
58436,-8,0.053668781070209094,5
58436,-7,0.056665810213859656,5
58436,-6,0.054419109794343966,5
58436,-5,0.04376335144396357,5
58436,-4,0.03247607703461845,5
58436,-3,0.023798584182078385,5
58436,-2,0.015097768846166204,5
58436,-1,0.00841753565364627,5
58436,0,0.0,5
58436,1,-0.0030108757979778744,5
58436,2,-0.0044677339888249176,5
58436,3,-0.0005582400042321467,5
58436,4,0.008485553684129243,5
58436,5,0.028286806616253914,5
58436,6,0.048393651636792615,5
58436,7,0.06756695139412479,5
58436,8,0.07767379328347417,5
58436,9,0.08639163064977354,5
58436,10,0.08759677352259132,5
68059,-24,-0.06533176706759888,5
68059,-23,-0.06222297291087777,5
68059,-22,-0.05894400375150788,5
68059,-21,-0.05599339591192205,5
68059,-20,-0.05375705532118822,5
68059,-19,-0.04992478198563077,5
68059,-18,-0.04758158895287927,5
68059,-17,-0.04560298139785459,5
68059,-16,-0.04769397234742563,5
68059,-15,-0.05015907987627237,5
68059,-14,-0.05221643966898419,5
68059,-13,-0.051501135426663326,5
68059,-12,-0.04733820071122743,5
68059,-11,-0.0422255403575992,5
68059,-10,-0.03519952298535678,5
68059,-9,-0.028063477808602143,5
68059,-8,-0.019438627280665345,5
68059,-7,-0.01063123053571502,5
68059,-6,-0.0036600665879607417,5
68059,-5,-0.00021360518214272873,5
68059,-4,1.6822272183247833e-05,5
68059,-3,-0.001997080373769222,5
68059,-2,-0.003596234190139569,5
68059,-1,-0.0031545766463551674,5
68059,0,0.0,5
68138,-24,-0.2071962761584846,5
68138,-23,-0.19774774592260336,5
68138,-22,-0.18601150284930199,5
68138,-21,-0.17211310620287995,5
68138,-20,-0.15607405340614128,5
68138,-19,-0.14009213690834343,5
68138,-18,-0.12531158440972198,5
68138,-17,-0.1156351693890894,5
68138,-16,-0.11184914421569232,5
68138,-15,-0.11076415569752954,5
68138,-14,-0.10792888965059681,5
68138,-13,-0.10175423490246019,5
68138,-12,-0.09407234183039996,5
68138,-11,-0.08275117553073379,5
68138,-10,-0.06872769591767494,5
68138,-9,-0.052488800235914825,5
68138,-8,-0.03543097131954624,5
68138,-7,-0.019555627438731092,5
68138,-6,-0.006831308657461577,5
68138,-5,-0.0017320167773078766,5
68138,-4,-0.0014533732470034977,5
68138,-3,-0.004445486016357236,5
68138,-2,-0.004608834072708135,5
68138,-1,-0.003071225125811239,5
68138,0,0.0,5
68138,1,0.0013594744584143116,5
68138,2,0.003731534989739771,5
68138,3,0.00858865420312611,5
68138,4,0.015447656845090307,5
68138,5,0.022241219991306592,5
68138,6,0.02883854718799341,5
68138,7,0.034684258498858964,5
68138,8,0.039939062270187974,5
68138,9,0.04263891176402126,5
68138,10,0.04493444570761866,5
68138,11,0.04657525607672817,5
68138,12,0.047725519232781365,5
68138,13,0.04933989598883848,5
68138,14,0.05272624983713179,5
68138,15,0.05868701051462466,5
68138,16,0.06461096791657255,5
68138,17,0.06930401649127269,5
68138,18,0.07205510491081561,5
68138,19,0.0740151214444893,5
68138,20,0.07562909374735546,5
68138,21,0.07761021419273781,5
68138,22,0.08063783807781384,5
68138,23,0.08460200764320369,5
68138,24,0.09148177032237256,5
68142,-24,-0.08145330797111257,5
68142,-23,-0.06112530469648832,5
68142,-22,-0.044175638086881366,5
68142,-21,-0.03040682515823754,5
68142,-20,-0.02390185555886788,5
68142,-19,-0.023103468902350953,5
68142,-18,-0.026860970548161233,5
68142,-17,-0.02862435014609197,5
68142,-16,-0.027223989184897945,5
68142,-15,-0.024337206293444425,5
68142,-14,-0.024608100524086397,5
68142,-13,-0.025084085934016186,5
68142,-12,-0.024367746239646236,5
68142,-11,-0.019917679941895017,5
68142,-10,-0.014539803961156039,5
68142,-9,-0.009085881741070168,5
68142,-8,-0.004552657987470709,5
68142,-7,-0.002612882625735935,5
68142,-6,-0.0025345501674618022,5
68142,-5,-0.003525466647455744,5
68142,-4,-0.0036551115802271996,5
68142,-3,-0.0038864518010086613,5
68142,-2,-0.003683481001113975,5
68142,-1,-0.0032113480196013454,5
68142,0,0.0,5
68142,1,0.0035028951578748744,5
68142,2,0.007227724970736205,5
68142,3,0.008475375618148817,5
68142,4,0.009716739075325975,5
68142,5,0.01143498676507484,5
68142,6,0.014689780208161451,5
68142,7,0.018321255513839674,5
68142,8,0.021926818023957396,5
68142,9,0.02666718041471512,5
68142,10,0.029891793574742566,5
68142,11,0.03140445740751616,5
68142,12,0.0297264524468698,5
68142,13,0.028785502922635688,5
68142,14,0.028957349312993586,5
68142,15,0.030383916020756276,5
68142,16,0.033686908070298574,5
68142,17,0.03813930426970806,5
68142,18,0.04444420283569315,5
68142,19,0.05063152774975954,5
68142,20,0.057042579028152574,5
68142,21,0.06385027320310854,5
68142,22,0.06892118374765772,5
68142,23,0.0716768501754494,5
68142,24,0.07199454860661696,5
71269,-24,0.04387427540974968,5
71269,-23,0.041339639666412964,5
71269,-22,0.037930931024861184,5
71269,-21,0.033917084529154096,5
71269,-20,0.030909100407328794,5
71269,-19,0.03555258512137627,5
71269,-18,0.04000201899740326,5
71269,-17,0.043614700374503455,5
71269,-16,0.039984678775031667,5
71269,-15,0.03434308198949978,5
71269,-14,0.028656013411609747,5
71269,-13,0.022722335724092345,5
71269,-12,0.018620155375117166,5
71269,-11,0.014360100338820559,5
71269,-10,0.00977587294382758,5
71269,-9,0.0037521983232174706,5
71269,-8,-0.00436681651383104,5
71269,-7,-0.008098124894858926,5
71269,-6,-0.008427864816168907,5
71269,-5,-0.003764822893229436,5
71269,-4,-0.0016642162374083114,5
71269,-3,-0.0009237935046790824,5
71269,-2,-0.0014591474078713418,5
71269,-1,-0.0007570471493195896,5
71269,0,0.0,5
74361,-24,-0.06624971523929801,5
74361,-23,-0.06058521367118637,5
74361,-22,-0.060487766721259814,5
74361,-21,-0.0639513593457142,5
74361,-20,-0.06699218664035236,5
74361,-19,-0.06930021438272398,5
74361,-18,-0.07277510593581908,5
74361,-17,-0.07842772622337683,5
74361,-16,-0.08219157151272612,5
74361,-15,-0.07747780733135663,5
74361,-14,-0.06612869561871122,5
74361,-13,-0.052900744721611305,5
74361,-12,-0.04432586076625249,5
74361,-11,-0.04022348226956041,5
74361,-10,-0.038579533994305845,5
74361,-9,-0.035103896106311795,5
74361,-8,-0.030515362715958717,5
74361,-7,-0.026273743280646755,5
74361,-6,-0.025408941397092377,5
74361,-5,-0.026695485099387996,5
74361,-4,-0.02577311246670142,5
74361,-3,-0.02133100675284858,5
74361,-2,-0.013094675868489248,5
74361,-1,-0.0062610271842029165,5
74361,0,0.0,5
74361,1,0.0052659317107000446,5
74361,2,0.01334902176664805,5
74361,3,0.017894561735519333,5
74361,4,0.02253944881288774,5
74361,5,0.026366061899032546,5
74361,6,0.03695484435264085,5
74361,7,0.047225270694793764,5
74361,8,0.05404048615610506,5
74361,9,0.05310803393799475,5
74361,10,0.046640561024412365,5
74361,11,0.03918309980145267,5
74361,12,0.033706282258818374,5
74361,13,0.034137401461083884,5
74361,14,0.037858380287731565,5
74361,15,0.04300569249636901,5
74361,16,0.046031663727769255,5
74361,17,0.04953000167188186,5
74361,18,0.05426457913078657,5
74361,19,0.060071753945435805,5
74361,20,0.06516436657365361,5
74361,21,0.06921489481383532,5
74361,22,0.07168484564225394,5
74361,23,0.07484986970720016,5
74361,24,0.08054527026662725,5
74401,-24,-0.048925776692002286,5
74401,-23,-0.03819579037466987,5
74401,-22,-0.03205363365234817,5
74401,-21,-0.028097026240709512,5
74401,-20,-0.024914263555372074,5
74401,-19,-0.01613482164121649,5
74401,-18,-0.008660689869344295,5
74401,-17,-0.0038909375772167463,5
74401,-16,-0.005561760996841869,5
74401,-15,-0.013317788762337556,5
74401,-14,-0.02229047821351209,5
74401,-13,-0.030670045078405296,5
74401,-12,-0.03260038750716241,5
74401,-11,-0.03208998691236786,5
74401,-10,-0.028418627866268052,5
74401,-9,-0.024681540314421824,5
74401,-8,-0.021672110664021815,5
74401,-7,-0.020156738204503456,5
74401,-6,-0.017627054660741947,5
74401,-5,-0.011834007814751501,5
74401,-4,-0.00688678225622148,5
74401,-3,-0.0038931659019571184,5
74401,-2,-0.0033559163800948254,5
74401,-1,-0.001788426339598459,5
74401,0,0.0,5
75154,-24,0.015142100111846801,5
75154,-23,0.01922702667844369,5
75154,-22,0.021704487672196394,5
75154,-21,0.023138798294428043,5
75154,-20,0.023250976154692893,5
75154,-19,0.02306478129746914,5
75154,-18,0.024225061045962448,5
75154,-17,0.02655682338703791,5
75154,-16,0.030877425382112734,5
75154,-15,0.0343526060766461,5
75154,-14,0.03561869806202047,5
75154,-13,0.0342030495888185,5
75154,-12,0.032272571985234325,5
75154,-11,0.031202138305229353,5
75154,-10,0.031336220314761576,5
75154,-9,0.031130502472370127,5
75154,-8,0.029989652236682575,5
75154,-7,0.02789109705000996,5
75154,-6,0.02572009866434506,5
75154,-5,0.023439085118638302,5
75154,-4,0.019779281245458337,5
75154,-3,0.015058529064259928,5
75154,-2,0.009604137497977306,5
75154,-1,0.00431739246377596,5
75154,0,0.0,5
75154,1,-0.002455200370804178,5
75154,2,-0.0025932237157700656,5
75154,3,-0.001373246499084857,5
75154,4,0.0001445257597833205,5
75154,5,0.0010468378424604908,5
75154,6,0.0005459808889199281,5
75154,7,-0.0011335886448986087,5
75154,8,-0.00387491341907058,5
75154,9,-0.007217040989293366,5
75154,10,-0.010566264260769388,5
75154,11,-0.013286486162403932,5
75154,12,-0.014479645523833896,5
76065,-24,0.014670233165316304,5
76065,-23,0.019049728367507512,5
76065,-22,0.019460006822765764,5
76065,-21,0.017412537667043537,5
76065,-20,0.013752531317278383,5
76065,-19,0.010969071820161602,5
76065,-18,0.009061545967851359,5
76065,-17,0.009264848647906377,5
76065,-16,0.009814760880871276,5
76065,-15,0.010710808444890318,5
76065,-14,0.0117790880505801,5
76065,-13,0.012655496278640755,5
76065,-12,0.011130610358235416,5
76065,-11,0.007116579832312553,5
76065,-10,0.001358150474454689,5
76065,-9,-0.004866466378778611,5
76065,-8,-0.009408737072035933,5
76065,-7,-0.010981845546718461,5
76065,-6,-0.008917992442728461,5
76065,-5,-0.005799212036356849,5
76065,-4,-0.003008822808910594,5
76065,-3,-0.0012039903690510556,5
76065,-2,0.0001538451476029934,5
76065,-1,0.0007145297371632609,5
76065,0,0.0,5
76065,1,-0.002927167605081138,5
76065,2,-0.006765758799279808,5
76065,3,-0.009825573247917774,5
76065,4,-0.010843074513944728,5
76207,-24,0.018652260543036547,5
76207,-23,0.018157640312540125,5
76207,-22,0.01931416382432225,5
76207,-21,0.021430490475278674,5
76207,-20,0.023327241881517934,5
76207,-19,0.024052840428639043,5
76207,-18,0.024211816124119778,5
76207,-17,0.023989679835332112,5
76207,-16,0.023519015454940728,5
76207,-15,0.023124521650596818,5
76207,-14,0.023620157579981437,5
76207,-13,0.025335445306892267,5
76207,-12,0.026570678957838822,5
76207,-11,0.0257919235703735,5
76207,-10,0.023593400787347462,5
76207,-9,0.020884761519803164,5
76207,-8,0.019277225155428113,5
76207,-7,0.01872896079295039,5
76207,-6,0.01846789853741555,5
76207,-5,0.017471774522493533,5
76207,-4,0.015291642789445347,5
76207,-3,0.0133772986703125,5
76207,-2,0.010698679783847708,5
76207,-1,0.006352593996503941,5
76207,0,0.0,5
76207,1,-0.007160988549467362,5
76207,2,-0.013932333743339598,5
76207,3,-0.019505388900921617,5
76207,4,-0.023510853377840847,5
76207,5,-0.02553393179187431,5
76207,6,-0.02649522691346995,5
76207,7,-0.026835956895794766,5
76207,8,-0.027041252862153798,5
76207,9,-0.028072507167742344,5
76207,10,-0.029322061274227807,5
76207,11,-0.03146005270646483,5
76207,12,-0.034131048352403326,5
76207,13,-0.03790048008929645,5
76207,14,-0.0416011378092751,5
76207,15,-0.04372321630433973,5
76504,-24,0.04466585483003627,5
76504,-23,0.04041286163518656,5
76504,-22,0.03891354568754259,5
76504,-21,0.04072685554135269,5
76504,-20,0.0461209749136664,5
76504,-19,0.05176303646935203,5
76504,-18,0.055526504206081385,5
76504,-17,0.05639833340770082,5
76504,-16,0.0534176006623742,5
76504,-15,0.048943961257365845,5
76504,-14,0.04350450686340679,5
76504,-13,0.03876264338389106,5
76504,-12,0.034094450932897404,5
76504,-11,0.031491067265252325,5
76504,-10,0.02997906345043404,5
76504,-9,0.02984500478032608,5
76504,-8,0.027799926765819195,5
76504,-7,0.024978962414715866,5
76504,-6,0.02079558370675052,5
76504,-5,0.01712517275151022,5
76504,-4,0.013482544178851086,5
76504,-3,0.010525703507397566,5
76504,-2,0.007311938010821706,5
76504,-1,0.0033431192325242163,5
76504,0,0.0,5
76504,1,-0.0014760975207227744,5
76504,2,0.00022340857730860365,5
76504,3,0.0033408321418168184,5
76504,4,0.006108924777972646,5
76504,5,0.005711078166854478,5
76504,6,0.0016222410757148254,5
76504,7,-0.004373051013965679,5
76504,8,-0.009560228001762284,5
78245,-24,0.011627820429656665,5
78245,-23,0.02638810756082144,5
78245,-22,0.03986935332561927,5
78245,-21,0.04670304289607543,5
78245,-20,0.04779540966619429,5
78245,-19,0.04181707188742649,5
78245,-18,0.03511518010915928,5
78245,-17,0.02910152073267014,5
78245,-16,0.025855606177163537,5
78245,-15,0.024279999901931505,5
78245,-14,0.02076195136611254,5
78245,-13,0.01669331346134051,5
78245,-12,0.012934198293335442,5
78245,-11,0.011920762763486793,5
78245,-10,0.012992061466195536,5
78245,-9,0.012509713644369213,5
78245,-8,0.011883728076583111,5
78245,-7,0.009680892014689135,5
78245,-6,0.007655867261085447,5
78245,-5,0.0049660711971228014,5
78245,-4,0.0012560171563425371,5
78245,-3,-0.0009035109493439108,5
78245,-2,-0.0014160826406332204,5
78245,-1,-0.0003929076139712606,5
78245,0,0.0,5
78245,1,-0.0012770063233343621,5
78245,2,-0.0035529690580702322,5
78245,3,-0.007493663924695327,5
78245,4,-0.010815898578453442,5
78245,5,-0.013632724641045969,5
78245,6,-0.015947469100962054,5
78245,7,-0.018011485064928223,5
78245,8,-0.019142429304111985,5
78245,9,-0.01867859970161234,5
78245,10,-0.017457057360251226,5
78245,11,-0.018459344868167804,5
78245,12,-0.020780655783016043,5
78245,13,-0.024202502542621573,5
78245,14,-0.026599057059006625,5
78245,15,-0.02864535190165931,5
78245,16,-0.03000687453042943,5
78245,17,-0.030141240024809335,5
78245,18,-0.03003721127901642,5
78245,19,-0.029706127678906215,5
78245,20,-0.02941792813256825,5
78245,21,-0.028362824037801458,5
78245,22,-0.026437764917930907,5
78245,23,-0.0259606440198187,5
78245,24,-0.028137505345128135,5
78251,-24,0.03456952455187405,5
78251,-23,0.0427723195290465,5
78251,-22,0.045287759938144136,5
78251,-21,0.041401571331248374,5
78251,-20,0.036288979806905174,5
78251,-19,0.03143482330973875,5
78251,-18,0.028218453691646418,5
78251,-17,0.02518962307373691,5
78251,-16,0.020737397367592437,5
78251,-15,0.016045079214518053,5
78251,-14,0.012634526082684162,5
78251,-13,0.011996304396261693,5
78251,-12,0.013446819455695192,5
78251,-11,0.01368691901982082,5
78251,-10,0.013393550210258454,5
78251,-9,0.011366637105457045,5
78251,-8,0.00877190592217154,5
78251,-7,0.005636108232964077,5
78251,-6,0.0018657757783319795,5
78251,-5,7.392182352816689e-06,5
78251,-4,-0.0002456610470570553,5
78251,-3,0.0010271113789499964,5
78251,-2,0.001912464399469016,5
78251,-1,0.0013456437435692692,5
78251,0,0.0,5
78251,1,-0.00319808015112244,5
78251,2,-0.00606558042970704,5
78251,3,-0.009054646555467727,5
78251,4,-0.011912838490266609,5
78251,5,-0.015011815775521953,5
78251,6,-0.0170903914104219,5
78251,7,-0.017616865590617436,5
78251,8,-0.017272568203341266,5
78251,9,-0.018997559588994052,5
78251,10,-0.02153734591177745,5
78251,11,-0.025009304786277296,5
78251,12,-0.027068213259372344,5
78251,13,-0.028754673805751096,5
78251,14,-0.0294347765263705,5
78251,15,-0.02955878281072266,5
78251,16,-0.029650766833702137,5
78251,17,-0.029851910190249242,5
78251,18,-0.030092297082755338,5
78251,19,-0.02987941776859344,5
78251,20,-0.02861131174956455,5
78251,21,-0.02812518689072867,5
78251,22,-0.02950482758191377,5
78251,23,-0.03354885480134016,5
78251,24,-0.03837117949854836,5
79019,-24,-0.04936556614875513,5
79019,-23,-0.049718143495768884,5
79019,-22,-0.04904047719844158,5
79019,-21,-0.04752471920572319,5
79019,-20,-0.04789177443881663,5
79019,-19,-0.04728153102623232,5
79019,-18,-0.04666235722306063,5
79019,-17,-0.04452609099735625,5
79019,-16,-0.044727195483164194,5
79019,-15,-0.04626381746237769,5
79019,-14,-0.048706143704879426,5
79019,-13,-0.04974032246520359,5
79019,-12,-0.048992378351219654,5
79019,-11,-0.04702056639554009,5
79019,-10,-0.04432297579931586,5
79019,-9,-0.0409963850074206,5
79019,-8,-0.03611289748351361,5
79019,-7,-0.03004448808804163,5
79019,-6,-0.02275958782904901,5
79019,-5,-0.01636408712533708,5
79019,-4,-0.011206525127127165,5
79019,-3,-0.008859859208721588,5
79019,-2,-0.006886392642866568,5
79019,-1,-0.004084258687223752,5
79019,0,0.0,5
79601,-24,-0.02172052567456433,5
79601,-23,-0.02352617210987553,5
79601,-22,-0.027943294464886036,5
79601,-21,-0.034896438674767084,5
79601,-20,-0.04221858418659785,5
79601,-19,-0.04709911890981289,5
79601,-18,-0.04716675232154408,5
79601,-17,-0.04126579162794961,5
79601,-16,-0.03134378382928134,5
79601,-15,-0.024405002423100085,5
79601,-14,-0.01762977688215166,5
79601,-13,-0.014938822506364247,5
79601,-12,-0.011942841690922279,5
79601,-11,-0.010259458569845137,5
79601,-10,-0.006568616218805445,5
79601,-9,-0.0038369207055051644,5
79601,-8,-0.00128736662049036,5
79601,-7,0.0028128302289250227,5
79601,-6,0.009656075716397084,5
79601,-5,0.01355553507108027,5
79601,-4,0.01255136948002793,5
79601,-3,0.008295711051811594,5
79601,-2,0.0050346012122723495,5
79601,-1,0.002514595380855411,5
79601,0,0.0,5
79601,1,-0.0009424329248624019,5
79601,2,0.0009207350225263866,5
79601,3,0.007073335349457111,5
79601,4,0.01622490296984509,5
79601,5,0.028995953279216023,5
79601,6,0.04353132907138217,5
79601,7,0.052973568951878394,5
79601,8,0.05666754770210218,5
79601,9,0.055293974869414696,5
79601,10,0.055313575993642415,5
79601,11,0.05738863544850368,5
82007,-24,-0.08794461684486628,5
82007,-23,-0.08738776570547842,5
82007,-22,-0.08448228570587268,5
82007,-21,-0.07973101268465399,5
82007,-20,-0.07356282125839612,5
82007,-19,-0.06676745768570029,5
82007,-18,-0.05926868886357291,5
82007,-17,-0.05189057562477935,5
82007,-16,-0.046115227154204776,5
82007,-15,-0.044182566228310446,5
82007,-14,-0.04474130741614672,5
82007,-13,-0.046951468908219954,5
82007,-12,-0.048608559880178606,5
82007,-11,-0.0497622518644409,5
82007,-10,-0.05063821619631028,5
82007,-9,-0.04868263513876805,5
82007,-8,-0.04268123334274136,5
82007,-7,-0.03335924215763164,5
82007,-6,-0.02493290979840417,5
82007,-5,-0.018082069798533596,5
82007,-4,-0.011657784423174177,5
82007,-3,-0.004907998695520277,5
82007,-2,-0.0007537991562543312,5
82007,-1,-0.00013982573353814586,5
82007,0,0.0,5
82007,1,0.0011829110313748004,5
83634,-24,-0.009383820276118015,5
83634,-23,-0.009068358513403041,5
83634,-22,-0.00909494213264601,5
83634,-21,-0.008418632784195879,5
83634,-20,-0.0071465156140117616,5
83634,-19,-0.006362387685610216,5
83634,-18,-0.005282031300202661,5
83634,-17,-0.003166501202939642,5
83634,-16,-0.0009789314897272305,5
83634,-15,0.0007334610227822224,5
83634,-14,0.00034280272557225545,5
83634,-13,-0.001500828260835263,5
83634,-12,-0.004522862225400814,5
83634,-11,-0.00765778373173589,5
83634,-10,-0.00996520938372214,5
83634,-9,-0.011467417254869262,5
83634,-8,-0.011265056429835241,5
83634,-7,-0.01008189036907119,5
83634,-6,-0.007334179746978364,5
83634,-5,-0.0032539493221939607,5
83634,-4,0.0013759315719482855,5
83634,-3,0.004688983023071458,5
83634,-2,0.004682921606429247,5
83634,-1,0.0026723374568419444,5
83634,0,0.0,5
83634,1,-0.0007486637512133853,5
83634,2,0.0007488944485601224,5
84005,-24,-0.028044694658493085,5
84005,-23,-0.02669678630710699,5
84005,-22,-0.02688207474764397,5
84005,-21,-0.026716496505683196,5
84005,-20,-0.024926294352535905,5
84005,-19,-0.02299755246859796,5
84005,-18,-0.022531231661218242,5
84005,-17,-0.02436015115395449,5
84005,-16,-0.027027548126000767,5
84005,-15,-0.02888745279533147,5
84005,-14,-0.028407278743874897,5
84005,-13,-0.025883313289149258,5
84005,-12,-0.02176597339496844,5
84005,-11,-0.017657664064781642,5
84005,-10,-0.013806744907695645,5
84005,-9,-0.01191329966001824,5
84005,-8,-0.012112948647229161,5
84005,-7,-0.013488328544351447,5
84005,-6,-0.01605761894920086,5
84005,-5,-0.017539760950798566,5
84005,-4,-0.017536608610328484,5
84005,-3,-0.01467744209946531,5
84005,-2,-0.010057259793605767,5
84005,-1,-0.0048121394972035604,5
84005,0,0.0,5
84005,1,0.0041409218050834085,5
84005,2,0.006700127872437988,5
84005,3,0.0076825849685324245,5
84005,4,0.005764614429881476,5
84005,5,0.002180559026952622,5
84005,6,-0.0012989295466748984,5
84005,7,-0.002495189125413333,5
84005,8,-0.0017060193544935487,5
84013,-24,-0.022310647967504947,5
84013,-23,-0.024186944049544225,5
84013,-22,-0.023801856125293598,5
84013,-21,-0.021431998583975088,5
84013,-20,-0.017592153708938695,5
84013,-19,-0.013781200342764777,5
84013,-18,-0.010217266784480827,5
84013,-17,-0.00830830985390989,5
84013,-16,-0.008480594369986605,5
84013,-15,-0.009998764648454284,5
84013,-14,-0.01290689559034952,5
84013,-13,-0.014711455177787158,5
84013,-12,-0.01469138180953955,5
84013,-11,-0.011798108112871474,5
84013,-10,-0.007108035803467416,5
84013,-9,-0.0020251504971035674,5
84013,-8,0.0026207416342440837,5
84013,-7,0.006721533539502289,5
84013,-6,0.009483046290024787,5
84013,-5,0.010702417398553266,5
84013,-4,0.008846567035580222,5
84013,-3,0.004901203535317933,5
84013,-2,0.0011621241262439242,5
84013,-1,-0.00037752054637287815,5
84013,0,0.0,5
85338,-24,-0.23820113964187506,5
85338,-23,-0.21342375688290005,5
85338,-22,-0.18390057831155388,5
85338,-21,-0.15177589068748673,5
85338,-20,-0.12036257678300544,5
85338,-19,-0.09225687417246994,5
85338,-18,-0.0688776758892633,5
85338,-17,-0.04838548631877622,5
85338,-16,-0.030298059168950786,5
85338,-15,-0.014347242136773275,5
85338,-14,0.00133204246057268,5
85338,-13,0.01843517319030319,5
85338,-12,0.03883055745652016,5
85338,-11,0.06112734843119583,5
85338,-10,0.08258897609186207,5
85338,-9,0.1000219941294187,5
85338,-8,0.10854067476183679,5
85338,-7,0.10645361982454063,5
85338,-6,0.0946367305946488,5
85338,-5,0.07939194144635345,5
85338,-4,0.06167309094110394,5
85338,-3,0.04319072770186416,5
85338,-2,0.024281549229177912,5
85338,-1,0.00923736606837089,5
85338,0,0.0,5
85338,1,-0.0038850165410195814,5
85338,2,-0.0037661260277740637,5
85338,3,-0.0008101537166425032,5
85338,4,0.0037962251164746163,5
85338,5,0.008996882238335146,5
85338,6,0.013684219982205903,5
85338,7,0.017722993920126485,5
85338,8,0.020969872741878604,5
85338,9,0.022048493931943015,5
85338,10,0.021756482470739868,5
85338,11,0.021665394142614147,5
85338,12,0.023444526722628468,5
85338,13,0.025763708796218053,5
85338,14,0.027370825087178474,5
85338,15,0.02629247341542289,5
85338,16,0.02385601524183798,5
85338,17,0.020494407331182175,5
85338,18,0.01798224159735611,5
85338,19,0.01618547791500724,5
85338,20,0.014398165105824035,5
85338,21,0.012474239844558,5
85338,22,0.01042121503381388,5
85338,23,0.007921277528537374,5
85338,24,0.004432196425237578,5
87031,-24,-0.047127865988147735,5
87031,-23,-0.04149854221401057,5
87031,-22,-0.03505622827181476,5
87031,-21,-0.03062432047528425,5
87031,-20,-0.0301937342090298,5
87031,-19,-0.03158595318949651,5
87031,-18,-0.03208390115093636,5
87031,-17,-0.030148316879599336,5
87031,-16,-0.026956846280747015,5
87031,-15,-0.023268731405987,5
87031,-14,-0.018493058716840947,5
87031,-13,-0.013485703159629025,5
87031,-12,-0.008712363328012885,5
87031,-11,-0.006423896018441866,5
87031,-10,-0.005536100633004537,5
87031,-9,-0.005200404257456981,5
87031,-8,-0.005711559000669553,5
87031,-7,-0.006690103441347972,5
87031,-6,-0.007739990597662327,5
87031,-5,-0.0073960723563679664,5
87031,-4,-0.006571321998736224,5
87031,-3,-0.005088712126551087,5
87031,-2,-0.003472854959861138,5
87031,-1,-0.001550336715768097,5
87031,0,0.0,5
87031,1,0.0014513582804347891,5
87031,2,0.002106262189849062,5
87031,3,0.003138575499144025,5
87031,4,0.004544044072920883,5
87031,5,0.006584750811185813,5
97058,-24,-0.03394290580164814,5
97058,-23,-0.03633639970887721,5
97058,-22,-0.03278907035252594,5
97058,-21,-0.027283918444819477,5
97058,-20,-0.021829100204050177,5
97058,-19,-0.018168365739223445,5
97058,-18,-0.016429928454400767,5
97058,-17,-0.016635368982669263,5
97058,-16,-0.017375212478323833,5
97058,-15,-0.019427175694529807,5
97058,-14,-0.022225650511361293,5
97058,-13,-0.028474419867549016,5
97058,-12,-0.0328251715726676,5
97058,-11,-0.03449864590149687,5
97058,-10,-0.029689444158949384,5
97058,-9,-0.023742987876931566,5
97058,-8,-0.018360851874471607,5
97058,-7,-0.015036562612680271,5
97058,-6,-0.012399628893370008,5
97058,-5,-0.010088680644518889,5
97058,-4,-0.00679362757885329,5
97058,-3,-0.004840870219550553,5
97058,-2,-0.0013194309464321207,5
97058,-1,-0.0009002420273912292,5
97058,0,0.0,5
97058,1,-0.0021633448281068723,5
97058,2,-0.0034749909680261482,5
97058,3,-0.006768177368338258,5
97058,4,-0.010046220757209312,5
97058,5,-0.01180168589910977,5
97058,6,-0.008374246364469328,5
97058,7,-0.0030133527131972924,5
97058,8,0.0017680679934773736,5
97058,9,0.004446691204425335,5
97058,10,0.006998758976219222,5
97058,11,0.008661287566900811,5
97058,12,0.010045625983720895,5
97058,13,0.01271670469535664,5
97058,14,0.014100774435611996,5
97058,15,0.015156396179597565,5
97058,16,0.015202795345255283,5
97058,17,0.016904096717973972,5
97124,-24,-0.09977017222447912,5
97124,-23,-0.09096285891572294,5
97124,-22,-0.08456378972231918,5
97124,-21,-0.07870437981234453,5
97124,-20,-0.07133533081833435,5
97124,-19,-0.0623609606551387,5
97124,-18,-0.04875383877657171,5
97124,-17,-0.02999597711684778,5
97124,-16,-0.00746791967600906,5
97124,-15,0.013463823422581456,5
97124,-14,0.028771550901440436,5
97124,-13,0.03790021633837846,5
97124,-12,0.03746269338605366,5
97124,-11,0.029957104296504156,5
97124,-10,0.01816368352639941,5
97124,-9,0.009576184316500758,5
97124,-8,0.003162655299333039,5
97124,-7,-0.002672864774770645,5
97124,-6,-0.009217096620749387,5
97124,-5,-0.012899798220483306,5
97124,-4,-0.014135296257465058,5
97124,-3,-0.012902664003544829,5
97124,-2,-0.010086454385738363,5
97124,-1,-0.005098490892059359,5
97124,0,0.0,5
97124,1,0.004226878348368856,5
97124,2,0.006624375809415284,5
97124,3,0.00786251638711839,5
97124,4,0.008102576023271624,5
97124,5,0.008248303892847985,5
97124,6,0.009063896664845573,5
97124,7,0.009854481428797968,5
97124,8,0.011957282161678861,5
97124,9,0.01363170895840966,5
97124,10,0.01490908257564456,5
97124,11,0.014362966940687727,5
97124,12,0.01371146980497393,5
97124,13,0.013743483977092196,5
97124,14,0.014945837531024964,5
97124,15,0.01739514794527608,5
97124,16,0.020720224388330877,5
97124,17,0.02447425063680946,5
97124,18,0.026873020164543605,5
97124,19,0.027440310285139092,5
97124,20,0.025093021033246288,5
97124,21,0.021806649445937864,5
97124,22,0.01797148646966775,5
97124,23,0.014547960184061992,5
97124,24,0.011166310619206499,5
